timestamp,views,likes,retweets,replies,hasImages,keywords,tweetUrl,text,translated_text,hasVideo
2026-07-16T13:54:46.000+08:00,60544,207,41,6,no,"tsmc","https://x.com/dnystedt/status/2077633017401708784","TSMC 2nd Quarter 2026 Earnings  Revenue US$40.2B up 33.7% YoY, exact top of guide Gross Margin 67.7% vs guide 65.5% - 67.5% -BEAT Opng Margin 60.3% vs guide 56.5% - 58.5% -BEAT Net Profit US$22.37B vs expected $19.65B -BEAT EPS US$4.31 per ADR vs range $3.80-$3.83 -BEAT Thread 1/","TSMC 2nd Quarter 2026 Earnings  Revenue US$40.2B up 33.7% YoY, exact top of guide Gross Margin 67.7% vs guide 65.5% - 67.5% -BEAT Opng Margin 60.3% vs guide 56.5% - 58.5% -BEAT Net Profit US$22.37B vs expected $19.65B -BEAT EPS US$4.31 per ADR vs range $3.80-$3.83 -BEAT Thread 1/",no
2026-08-13T09:21:03.000+08:00,3539,25,3,2,no,"nvidia; ai server; hyperscaler; server","https://x.com/dnystedt/status/2087710993547940233","Pegatron expects over 10-fold growth in AI server revenue this year amid strong demand for Nvidia GB-series, B200 and B300-platform servers, executives said, media report, adding Pegatron’s AI server business has expanded Neo Cloud clients to now including Hyperscalers as well,","Pegatron expects over 10-fold growth in AI server revenue this year amid strong demand for Nvidia GB-series, B200 and B300-platform servers, executives said, media report, adding Pegatron’s AI server business has expanded Neo Cloud clients to now including Hyperscalers as well,",no
2026-08-13T08:45:16.000+08:00,3625,26,4,1,no,"semiconductor; chip; yield; ai chip","https://x.com/dnystedt/status/2087701990302437703","Semiconductor test and metrology have become the key factor in AI chip yield, cost, performance and mass production speed, moving this formerly behind-the-scenes work to the fore, media report, citing SEMI Taiwan President Terry Tsao. Instead of just catching defects, modern test","Semiconductor test and metrology have become the key factor in AI chip yield, cost, performance and mass production speed, moving this formerly behind-the-scenes work to the fore, media report, citing SEMI Taiwan President Terry Tsao. Instead of just catching defects, modern test",no
2026-08-13T08:44:57.000+08:00,3191,12,3,,no,"server","https://x.com/dnystedt/status/2087701909994107093","Asustek raised its full-year server business sales growth forecast to 150% from 100% previously, media report, adding server sales grew 200% year-on-year in the 2nd quarter. Asustek’s PC business grew 20% in the quarter, and is expected to grow 15%-20% in Q3.","Asustek raised its full-year server business sales growth forecast to 150% from 100% previously, media report, adding server sales grew 200% year-on-year in the 2nd quarter. Asustek’s PC business grew 20% in the quarter, and is expected to grow 15%-20% in Q3.",no
2026-08-13T08:43:40.000+08:00,4506,37,8,2,no,"nvidia; ai server; rack; server","https://x.com/dnystedt/status/2087701587380810096","Nvidia Vera Rubin-based AI servers begins mass production in the 3rd quarter at Foxconn, and shipments will ramp up in the 4th quarter, media report, adding Foxconn has won new ASIC customers as well, putting it closer to its goal of 50% market share in AI server racks. CEO Mike","Nvidia Vera Rubin-based AI servers begins mass production in the 3rd quarter at Foxconn, and shipments will ramp up in the 4th quarter, media report, adding Foxconn has won new ASIC customers as well, putting it closer to its goal of 50% market share in AI server racks. CEO Mike",no
2026-08-13T08:44:02.000+08:00,1503,,,,no,"","https://x.com/dnystedt/status/2087701677327659509","Links:  https:// money.udn.com/money/story/56 12/9687963?from=edn_maintab_index …   https:// money.udn.com/money/story/56 12/9688046?from=edn_maintab_index …   https:// ec.ltn.com.tw/article/breaki ngnews/5537495 …   https:// ctee.com.tw/news/202608127 01169-430502 …","Links:  https:// money.udn.com/money/story/56 12/9687963?from=edn_maintab_index …   https:// money.udn.com/money/story/56 12/9688046?from=edn_maintab_index …   https:// ec.ltn.com.tw/article/breaki ngnews/5537495 …   https:// ctee.com.tw/news/202608127 01169-430502 …",no
2026-08-12T09:43:59.000+08:00,7146,36,6,3,no,"tsmc; capex","https://x.com/dnystedt/status/2087354376537120796","TSMC’s board passed a new capital budget of US$29.443 billion on Tuesday, putting total approved budgets for this year at $60.726 billion, compared to its 2026 capex forecast of $64B to $65B, media report, noting the fresh Sony JV announcement lead some to speculate whether 2026","TSMC’s board passed a new capital budget of US$29.443 billion on Tuesday, putting total approved budgets for this year at $60.726 billion, compared to its 2026 capex forecast of $64B to $65B, media report, noting the fresh Sony JV announcement lead some to speculate whether 2026",no
2026-08-12T16:15:28.000+08:00,2159,3,1,,no,"capex","https://x.com/dnystedt/status/2087452896275452202","Correction: Post should say 'compared to capex guidance of US$60 to $64 billion.'","Correction: Post should say 'compared to capex guidance of US$60 to $64 billion.'",no
2026-08-12T09:47:20.000+08:00,4943,21,2,3,no,"server","https://x.com/dnystedt/status/2087355219151872409","Zhen Ding Technology (ZDT), the world’s biggest printed circuit board maker (PCB), saw revenue from servers, optical modules and substrates rise 113% year-on-year in the 1st half of 2026, media report, adding executives said they accounted for 21.6% of total revenue of NT$89.2","Zhen Ding Technology (ZDT), the world’s biggest printed circuit board maker (PCB), saw revenue from servers, optical modules and substrates rise 113% year-on-year in the 1st half of 2026, media report, adding executives said they accounted for 21.6% of total revenue of NT$89.2",no
2026-08-12T09:45:51.000+08:00,5012,16,7,3,no,"ai server; server","https://x.com/dnystedt/status/2087354846370554145","Compal Electronics’ new Texas, USA AI server plant will ramp up production in 2027 as part of a build out including Vietnam and Taiwan that will see Compal's AI server business grow to 30% - 40% of total revenue, media report, citing Chairman Ray Chen at a plant opening ceremony","Compal Electronics’ new Texas, USA AI server plant will ramp up production in 2027 as part of a build out including Vietnam and Taiwan that will see Compal's AI server business grow to 30% - 40% of total revenue, media report, citing Chairman Ray Chen at a plant opening ceremony",no
2026-08-12T09:46:06.000+08:00,2137,1,,,no,"","https://x.com/dnystedt/status/2087354908953686330","Also:","Also:",no
2026-08-12T08:44:56.000+08:00,4288,29,4,1,no,"advanced packaging; cowos; packaging","https://x.com/dnystedt/status/2087339516986315152","Siliconware Precision (SPIL) broke ground Tuesday on an NT$100 billion (US$3.1B) CoWoS advanced packaging plant in Douliu, central Taiwan, aimed at massive AI-related demand, media report, adding SPIL’s new plant investments in the past 2-years total NT$200 billion. SPIL is a key","Siliconware Precision (SPIL) broke ground Tuesday on an NT$100 billion (US$3.1B) CoWoS advanced packaging plant in Douliu, central Taiwan, aimed at massive AI-related demand, media report, adding SPIL’s new plant investments in the past 2-years total NT$200 billion. SPIL is a key",no
2026-08-12T08:45:05.000+08:00,1753,2,1,,no,"","https://x.com/dnystedt/status/2087339555729056064","Links:   https:// ctee.com.tw/news/202608127 00088-439901 …   https:// money.udn.com/money/story/56 12/9685595?from=edn_subcatelist_cate …","Links:   https:// ctee.com.tw/news/202608127 00088-439901 …   https:// money.udn.com/money/story/56 12/9685595?from=edn_subcatelist_cate …",no
2026-08-11T18:41:29.000+08:00,10744,67,12,,no,"tsmc","https://x.com/dnystedt/status/2087127256821084447","Sony and TSMC officially announce image sensor JV in Kumamoto, Japan.  -Sony plans to contribute ¥465 billion yen (US$2.92B), and be controlling shareholder -TSMC cash contributions planned at ¥282 billion ($1.77B) -Volume production expected in 2029 -Name: Advanced Vision","Sony and TSMC officially announce image sensor JV in Kumamoto, Japan.  -Sony plans to contribute ¥465 billion yen (US$2.92B), and be controlling shareholder -TSMC cash contributions planned at ¥282 billion ($1.77B) -Volume production expected in 2029 -Name: Advanced Vision",no
2026-08-11T18:33:05.000+08:00,4855,13,1,,no,"","https://x.com/dnystedt/status/2087125140891218121","Links:  https:// money.udn.com/money/story/56 12/9684444?from=edn_maintab_cate …   https:// money.udn.com/money/story/56 12/9684447?from=edn_maintab_cate …   https:// news.cnyes.com/news/id/6570949   https:// ctee.com.tw/news/202608117 01450-430501 …   https:// ec.ltn.com.tw/article/breaki ngnews/5536131 …","Links:  https:// money.udn.com/money/story/56 12/9684444?from=edn_maintab_cate …   https:// money.udn.com/money/story/56 12/9684447?from=edn_maintab_cate …   https:// news.cnyes.com/news/id/6570949   https:// ctee.com.tw/news/202608117 01450-430501 …   https:// ec.ltn.com.tw/article/breaki ngnews/5536131 …",no
2026-08-11T09:48:07.000+08:00,7014,55,11,2,no,"semiconductor; foundry; chip; packaging; supply chain","https://x.com/dnystedt/status/2086993029924295059","Price hikes for semiconductor packaging are outpacing those for chip foundry work and increases throughout the chip supply chain will continue into the 2nd half of 2026, media report, citing executives on 2nd quarter earnings calls and unnamed industry sources. AI-related demand","Price hikes for semiconductor packaging are outpacing those for chip foundry work and increases throughout the chip supply chain will continue into the 2nd half of 2026, media report, citing executives on 2nd quarter earnings calls and unnamed industry sources. AI-related demand",no
2026-08-11T09:32:05.000+08:00,7912,55,8,3,no,"chip","https://x.com/dnystedt/status/2086988994471243818","Alchip, a top custom ASIC chip designer, said July sales rose 181.8% year-on-year to a new all-time-high NT$7.43 billion, also more than doubling June’s NT$3.57 billion, as products in mass production increased, media report. The chips are for a major US client, Amazon Trainium3,","Alchip, a top custom ASIC chip designer, said July sales rose 181.8% year-on-year to a new all-time-high NT$7.43 billion, also more than doubling June’s NT$3.57 billion, as products in mass production increased, media report. The chips are for a major US client, Amazon Trainium3,",no
2026-08-11T09:32:12.000+08:00,2471,2,1,,no,"","https://x.com/dnystedt/status/2086989022946300286","Links:   https:// money.udn.com/money/story/57 10/9682820 …   https:// ctee.com.tw/news/202608117 00067-439901 …","Links:   https:// money.udn.com/money/story/57 10/9682820 …   https:// ctee.com.tw/news/202608117 00067-439901 …",no
2026-08-10T13:35:44.000+08:00,9549,89,12,8,no,"tsmc","https://x.com/dnystedt/status/2086687923597091102","TSMC’s revenue +44.7% year-on-year in July to a fresh record high NT$467.58 billion (US$14.61B), amid robust global AI-related demand.  The previous high was NT$442.68 billion in June.  TSMC did not provide a US$ figure. The figure is based on its forex guidance for the 3rd","TSMC’s revenue +44.7% year-on-year in July to a fresh record high NT$467.58 billion (US$14.61B), amid robust global AI-related demand.  The previous high was NT$442.68 billion in June.  TSMC did not provide a US$ figure. The figure is based on its forex guidance for the 3rd",no
2026-08-10T13:36:30.000+08:00,3326,13,,1,no,"tsmc","https://x.com/dnystedt/status/2086688115843047571","3/3: The Taiwan Stock Exchange requires companies to file monthly revenue statements.  The above US$ figures are based on TSMC’s foreign exchange rate guidance for the 3rd quarter: US$1 = NT$32.0  TSMC 3rd quarter revenue guide: US$44.6 billion - $45.8 billion  New Taiwan dollar","3/3: The Taiwan Stock Exchange requires companies to file monthly revenue statements.  The above US$ figures are based on TSMC’s foreign exchange rate guidance for the 3rd quarter: US$1 = NT$32.0  TSMC 3rd quarter revenue guide: US$44.6 billion - $45.8 billion  New Taiwan dollar",no
2026-08-10T13:36:47.000+08:00,2460,2,,,no,"tsmc","https://x.com/dnystedt/status/2086688186764517690","TSMC:  https:// pr.tsmc.com/english/news/3 329 …","TSMC:  https:// pr.tsmc.com/english/news/3 329 …",no
2026-08-10T09:41:21.000+08:00,7785,69,18,5,no,"chip","https://x.com/dnystedt/status/2086628937942331637","Japan lost out to Taiwan and South Korea in 1st half exports for the first time ever, with Taiwan exports up over 50% year-on-year to US$416.6 billion and South Korea’s up over 50% to $496.3 billion, compared to Japan’s $384.4 billion, mainly due to massive AI-related chip","Japan lost out to Taiwan and South Korea in 1st half exports for the first time ever, with Taiwan exports up over 50% year-on-year to US$416.6 billion and South Korea’s up over 50% to $496.3 billion, compared to Japan’s $384.4 billion, mainly due to massive AI-related chip",no
2026-08-10T09:40:28.000+08:00,7822,58,8,6,no,"semiconductor","https://x.com/dnystedt/status/2086628718047547532","Taiwan’s semiconductor exports rose 52.3% year-on-year in July to US$26.3 billion, while exports of IT/comms rose 29.5% to $31.37B amid strong AI-related demand, while July exports overall rose 32.9% to $75.3B, missing forecasts for 40.7% due to inflation and a prolonged war in","Taiwan’s semiconductor exports rose 52.3% year-on-year in July to US$26.3 billion, while exports of IT/comms rose 29.5% to $31.37B amid strong AI-related demand, while July exports overall rose 32.9% to $75.3B, missing forecasts for 40.7% due to inflation and a prolonged war in",no
2026-08-10T09:40:39.000+08:00,2725,4,1,1,no,"","https://x.com/dnystedt/status/2086628764147159135","Taiwan:  https:// mof.gov.tw/singlehtml/384 fb3077bb349ea973e7fc6f13b6974?cntId=77ae31130e3f4024a69d5f89bd109bdc …","Taiwan:  https:// mof.gov.tw/singlehtml/384 fb3077bb349ea973e7fc6f13b6974?cntId=77ae31130e3f4024a69d5f89bd109bdc …",no
2026-08-10T08:52:50.000+08:00,7910,66,17,3,no,"tsmc; fab","https://x.com/dnystedt/status/2086616728730271925","TSMC is expected to build 3 new fabs, including a 1.4nm fab near Longtan, north Taiwan, after local residents revived a plan to expand the Longtan Science Park, media report. TSMC abandoned plans for the area in 2023 after locals protested, but they have reportedly had a change","TSMC is expected to build 3 new fabs, including a 1.4nm fab near Longtan, north Taiwan, after local residents revived a plan to expand the Longtan Science Park, media report. TSMC abandoned plans for the area in 2023 after locals protested, but they have reportedly had a change",no
2026-08-10T08:13:15.000+08:00,44459,90,16,5,no,"tsmc; advanced packaging; packaging; display; panel","https://x.com/dnystedt/status/2086606768403325434","TSMC is pushing hard on both Co-Packaged Optics (COUPE Silicon Photonics engine) and CoPoS advanced packaging, which display panel maker AUO hopes to take part in, media report. The AUO Group sees a chance for AUO to become a partner in CoPoS and CPO testing & verification, while","TSMC is pushing hard on both Co-Packaged Optics (COUPE Silicon Photonics engine) and CoPoS advanced packaging, which display panel maker AUO hopes to take part in, media report. The AUO Group sees a chance for AUO to become a partner in CoPoS and CPO testing & verification, while",no
2026-08-10T08:12:42.000+08:00,25328,72,21,4,no,"tsmc; advanced packaging; cowos; packaging","https://x.com/dnystedt/status/2086606629836116201","Rumor: TSMC plans to buy 2 plants in the Central Taiwan Science Park (CTSP) from AUO to expand CoWoS advanced packaging capacity, media report, citing unnamed industry sources. Negotiations are already underway and TSMC may pay over NT$30 billion (US$930M) for the plants, both","Rumor: TSMC plans to buy 2 plants in the Central Taiwan Science Park (CTSP) from AUO to expand CoWoS advanced packaging capacity, media report, citing unnamed industry sources. Negotiations are already underway and TSMC may pay over NT$30 billion (US$930M) for the plants, both",no
2026-08-10T07:25:16.000+08:00,8743,80,23,8,yes,"semiconductor","https://x.com/dnystedt/status/2086594694964998458","The 2027 global semiconductor market will soar 29.4% year-on-year to US$2.14 trillion, WSTS forecasts, passing the $2 trillion mark years before most market forecasters thought.  WSTS also raised its 2026 forecast to $1.66T, up 108.1% over last year, and up $150 billion over its","The 2027 global semiconductor market will soar 29.4% year-on-year to US$2.14 trillion, WSTS forecasts, passing the $2 trillion mark years before most market forecasters thought.  WSTS also raised its 2026 forecast to $1.66T, up 108.1% over last year, and up $150 billion over its",no
2026-08-10T07:25:59.000+08:00,2925,5,2,2,no,"","https://x.com/dnystedt/status/2086594874661593592","WSTS:  https:// wsts.org/76/Global-Semi conductor-Market-records-exceptional-growth-in-Q2-2026 …","WSTS:  https:// wsts.org/76/Global-Semi conductor-Market-records-exceptional-growth-in-Q2-2026 …",no
2026-08-07T09:57:36.000+08:00,18487,125,13,6,yes,"nvidia; amd; inference; memory","https://x.com/dnystedt/status/2085545863787729034","Nvidia dropped $20B to integrate Groq’s SRAM LPX into its stack. AMD counters with Taalas to hardwire AI model weights directly into logic gates/Mask ROM. Zero memory load time. The inference (decode) war is heating up.","Nvidia dropped $20B to integrate Groq’s SRAM LPX into its stack. AMD counters with Taalas to hardwire AI model weights directly into logic gates/Mask ROM. Zero memory load time. The inference (decode) war is heating up.",no
2026-08-07T09:36:07.000+08:00,6560,19,2,3,no,"chip","https://x.com/dnystedt/status/2085540457065676853","Ardentec plans to invest NT$6 billion (US$185M) in new chip testing lines due to strong AI-related demand, media report, its 3rd investment in Taiwan this year. The investment is via 100%-owned subsidiary Giga Solution Tech. Co. Ltd. The money will be for new production lines and","Ardentec plans to invest NT$6 billion (US$185M) in new chip testing lines due to strong AI-related demand, media report, its 3rd investment in Taiwan this year. The investment is via 100%-owned subsidiary Giga Solution Tech. Co. Ltd. The money will be for new production lines and",no
2026-08-07T09:36:23.000+08:00,2034,2,,1,no,"","https://x.com/dnystedt/status/2085540525277626574","Links:  https:// money.udn.com/money/story/73 07/9675102 …   https:// ec.ltn.com.tw/article/breaki ngnews/5531146 …  Taiwan MOEA:  https:// moea.gov.tw/MNS/populace/n ews/News.aspx?kind=1&menu_id=40&news_id=123543 …","Links:  https:// money.udn.com/money/story/73 07/9675102 …   https:// ec.ltn.com.tw/article/breaki ngnews/5531146 …  Taiwan MOEA:  https:// moea.gov.tw/MNS/populace/n ews/News.aspx?kind=1&menu_id=40&news_id=123543 …",no
2026-08-07T09:34:56.000+08:00,72287,70,12,4,no,"nand; chip; memory","https://x.com/dnystedt/status/2085540159349817709","Winbond, Taiwan’s 2nd biggest memory chip maker, plans to become the top SLC NAND supplier in the world by 2027, media report, amid rising demand from a range of new businesses: robotics, drones, Low-Earth-Orbit (LEO) satellites, in addition to industrial control and automotive.","Winbond, Taiwan’s 2nd biggest memory chip maker, plans to become the top SLC NAND supplier in the world by 2027, media report, amid rising demand from a range of new businesses: robotics, drones, Low-Earth-Orbit (LEO) satellites, in addition to industrial control and automotive.",no
2026-08-07T09:35:10.000+08:00,2814,4,,,no,"","https://x.com/dnystedt/status/2085540220263616735","Links:  https:// ctee.com.tw/news/202608077 00079-430501 …   https:// money.udn.com/money/story/11 162/9676006?from=edn_subcatelist_cate …","Links:  https:// ctee.com.tw/news/202608077 00079-430501 …   https:// money.udn.com/money/story/11 162/9676006?from=edn_subcatelist_cate …",no
2026-08-07T09:34:33.000+08:00,5022,21,2,,no,"ai server; server","https://x.com/dnystedt/status/2085540064290017725","HPE and Lenovo have become new clients for AI server giant Wistron, while rumors say Oracle is as well, media report. Dell remains its top customer.   Wistron executives said at their 2nd quarter conference Tuesday (8/4) they expected to bring on several new enterprise and Cloud","HPE and Lenovo have become new clients for AI server giant Wistron, while rumors say Oracle is as well, media report. Dell remains its top customer.   Wistron executives said at their 2nd quarter conference Tuesday (8/4) they expected to bring on several new enterprise and Cloud",no
2026-08-07T09:32:12.000+08:00,7132,52,8,3,no,"tsmc","https://x.com/dnystedt/status/2085539473228718479","TSMC and one of Taiwan’s top engineering schools have made a breakthrough in next-generation transistors with a high-performance, single-layer molybdenum disulfide (MoS₂) top-gate transistor, media report, adding researchers globally have been looking at novel materials as a way","TSMC and one of Taiwan’s top engineering schools have made a breakthrough in next-generation transistors with a high-performance, single-layer molybdenum disulfide (MoS₂) top-gate transistor, media report, adding researchers globally have been looking at novel materials as a way",no
2026-08-07T09:32:24.000+08:00,2145,5,,,no,"","https://x.com/dnystedt/status/2085539523526865077","Nature Electronics (research paper):","Nature Electronics (research paper):",no
2026-08-06T16:46:56.000+08:00,6017,20,4,4,no,"#semiconductors; asml; semiconductor; capex; lead time","https://x.com/dnystedt/status/2085286491442602382","Winbond pared 2026 capex to NT$39.5 billion (US$1.22B) from NT$40.5 billion previously due to long equipment delivery times (lead times). An executive said lead times for EUV lithography machines are now 3 to 3 1/2 years.  $ASML  #semiconductors","Winbond pared 2026 capex to NT$39.5 billion (US$1.22B) from NT$40.5 billion previously due to long equipment delivery times (lead times). An executive said lead times for EUV lithography machines are now 3 to 3 1/2 years.  $ASML  #semiconductors",no
2026-08-06T09:40:56.000+08:00,5588,13,3,,no,"#aiservers; ai server; server","https://x.com/dnystedt/status/2085179284294095090","Inventec, the AI server maker, said July sales rose 65.75 year-on-year to NT$90.2 billion (US$2.8B), its 2nd best level ever, media report, and management said its server business will see strong double-digit % growth in the 3rd quarter over the 2nd.  $BABA   $BIDU  $TCEHY #AIservers","Inventec, the AI server maker, said July sales rose 65.75 year-on-year to NT$90.2 billion (US$2.8B), its 2nd best level ever, media report, and management said its server business will see strong double-digit % growth in the 3rd quarter over the 2nd.  $BABA   $BIDU  $TCEHY #AIservers",no
2026-08-06T09:39:54.000+08:00,5922,30,5,1,no,"chip; ai server; memory; server","https://x.com/dnystedt/status/2085179023802659083","Wistron Chairman Simon Lin said AI servers currently account for 95% of its server business and that the AI trend is so strong that even high memory chip prices haven’t slowed customer spending, media report, adding he doesn’t fear even higher memory prices because “customers","Wistron Chairman Simon Lin said AI servers currently account for 95% of its server business and that the AI trend is so strong that even high memory chip prices haven’t slowed customer spending, media report, adding he doesn’t fear even higher memory prices because “customers",no
2026-08-06T09:20:26.000+08:00,5028,26,6,,no,"ai server; server","https://x.com/dnystedt/status/2085174125325324482","Foxconn is expected to see August sales top NT$1 trillion (US$30.9B) for a fresh record high, and subsequent months to continue higher due to strong AI server related demand, media report. AI server sales are up 230% in the 1st half of 2026 due to strong sales of new products","Foxconn is expected to see August sales top NT$1 trillion (US$30.9B) for a fresh record high, and subsequent months to continue higher due to strong AI server related demand, media report. AI server sales are up 230% in the 1st half of 2026 due to strong sales of new products",no
2026-08-06T08:52:01.000+08:00,5968,26,4,1,no,"fab; capex","https://x.com/dnystedt/status/2085166973919617181","Nanya Technology’s board approved to raise 2026 capex to NT$69.7 billion (US$2.2 billion) from NT$52 billion to speed up work on its new Fab 5A, media report, which is ultimately expected to cost up to NT$346.6 billion (US$10.7B) by 2029. It’s the biggest investment by a Taiwan","Nanya Technology’s board approved to raise 2026 capex to NT$69.7 billion (US$2.2 billion) from NT$52 billion to speed up work on its new Fab 5A, media report, which is ultimately expected to cost up to NT$346.6 billion (US$10.7B) by 2029. It’s the biggest investment by a Taiwan",no
2026-08-06T09:02:51.000+08:00,2585,8,,,no,"wafer; fab; wafer starts","https://x.com/dnystedt/status/2085169699370029385","2/2 Capacity at the 1st phase of Nanya’s Fab 5A will hit 35,900 wafers per month (wpm), and use EUV lithography equipment for a 10nm-class processes. By the 2nd half of 2027, Nanya plans for 30,000 wafer starts per month on the way to full capacity. By 2029, Fab 5A could reach","2/2 Capacity at the 1st phase of Nanya’s Fab 5A will hit 35,900 wafers per month (wpm), and use EUV lithography equipment for a 10nm-class processes. By the 2nd half of 2027, Nanya plans for 30,000 wafer starts per month on the way to full capacity. By 2029, Fab 5A could reach",no
2026-08-05T17:04:16.000+08:00,5818,41,9,3,no,"#cxmt; #huawei; #xiaomi; dram; samsung; sk hynix; hynix; apple","https://x.com/dnystedt/status/2084928462289269197","Apple’s push for cheaper DRAM hit a wall with China’s CXMT, media report. Backed by lucrative long-term deals with Huawei and Xiaomi, CXMT rejected discounts for Apple, demanding prices on par with Samsung and SK Hynix.  $AAPL  $SSNLF  $MU  #CXMT #Huawei #Xiaomi","Apple’s push for cheaper DRAM hit a wall with China’s CXMT, media report. Backed by lucrative long-term deals with Huawei and Xiaomi, CXMT rejected discounts for Apple, demanding prices on par with Samsung and SK Hynix.  $AAPL  $SSNLF  $MU  #CXMT #Huawei #Xiaomi",no
2026-08-05T16:55:29.000+08:00,6015,42,9,,no,"","https://x.com/dnystedt/status/2084926254093041846","Foxconn: July sales rose 54.2% year-on-year to NT$946.5 billion, a fresh record high and the 1st time over NT$900 billion in a single month, on strong demand and pull-in orders for AI-related products & components. July was up 15.2% over June.   The prior record for a single","Foxconn: July sales rose 54.2% year-on-year to NT$946.5 billion, a fresh record high and the 1st time over NT$900 billion in a single month, on strong demand and pull-in orders for AI-related products & components. July was up 15.2% over June.   The prior record for a single",no
2026-08-05T10:45:57.000+08:00,11310,37,11,1,no,"chip; ai chip","https://x.com/dnystedt/status/2084833258202882084","ABF substrate makers are being forced to move faster on expansion plans as AI chip die get bigger, driving demand for larger substrates, media report, noting  long term agreements (LTAs) are no longer enough: clients are paying firms to launch 2029-2030 expansion plans now, using","ABF substrate makers are being forced to move faster on expansion plans as AI chip die get bigger, driving demand for larger substrates, media report, noting  long term agreements (LTAs) are no longer enough: clients are paying firms to launch 2029-2030 expansion plans now, using",no
2026-08-05T09:18:09.000+08:00,11574,78,14,2,no,"dram; chip; ai server; memory; server","https://x.com/dnystedt/status/2084811160973619242","Nanya Technology, Taiwan’s biggest DRAM memory chip maker, said July revenue rose 719.6% year-on-year to NT$43.87 billion, also up 49.3% over June’s NT$29.39 billion on hot demand for memory chips used in AI servers. January through July revenue hit NT$175.5 billion, up 660.9%.","Nanya Technology, Taiwan’s biggest DRAM memory chip maker, said July revenue rose 719.6% year-on-year to NT$43.87 billion, also up 49.3% over June’s NT$29.39 billion on hot demand for memory chips used in AI servers. January through July revenue hit NT$175.5 billion, up 660.9%.",no
2026-08-05T09:18:36.000+08:00,2451,1,,2,no,"","https://x.com/dnystedt/status/2084811276182769810","Nanya Technology:  https:// nanya.com/en/IR/16/Press %20Release?IRId=13157 …","Nanya Technology:  https:// nanya.com/en/IR/16/Press %20Release?IRId=13157 …",no
2026-08-05T09:05:50.000+08:00,5421,35,6,1,no,"wafer","https://x.com/dnystedt/status/2084808061634609539","Silicon wafer production continues to tighten as demand recovers, said GlobalWafers, the world’s 3rd biggest maker, adding 12-inch, 8-inch and 6-inch capacity is nearly full, media report. Chair Doris Hsu said 2027 will see meaningful revenue growth as new 12-inch capacity comes","Silicon wafer production continues to tighten as demand recovers, said GlobalWafers, the world’s 3rd biggest maker, adding 12-inch, 8-inch and 6-inch capacity is nearly full, media report. Chair Doris Hsu said 2027 will see meaningful revenue growth as new 12-inch capacity comes",no
2026-08-05T09:02:11.000+08:00,5130,48,6,1,no,"nvidia; ai server; server","https://x.com/dnystedt/status/2084807143107318138","AI server giant Wistron will invest an additional NT$13.5 billion in new plants and equipment to further boost production this year amid strong demand for Nvidia GB300 and Vera Rubin based AI servers, media report, citing top executives at Wistron’s Q2 conference.   President","AI server giant Wistron will invest an additional NT$13.5 billion in new plants and equipment to further boost production this year amid strong demand for Nvidia GB300 and Vera Rubin based AI servers, media report, citing top executives at Wistron’s Q2 conference.   President",no
2026-08-05T09:02:22.000+08:00,2220,,1,1,no,"","https://x.com/dnystedt/status/2084807188212850908","Links:  https:// money.udn.com/money/story/11 162/9670975?from=edn_maintab_index …   https:// ctee.com.tw/news/202608057 00105-439901 …","Links:  https:// money.udn.com/money/story/11 162/9670975?from=edn_maintab_index …   https:// ctee.com.tw/news/202608057 00105-439901 …",no
2026-08-05T08:56:58.000+08:00,5647,34,6,2,no,"chip","https://x.com/dnystedt/status/2084805831674261944","Prices for the production of older chips (mature processes) will rise even higher next year than this amid strong AI-related demand, media report, citing Taiwan chip foundries. Vanguard (VIS) said 2027 prices will outpace this year due to AI, and UMC and Powerchip (PSMC) both","Prices for the production of older chips (mature processes) will rise even higher next year than this amid strong AI-related demand, media report, citing Taiwan chip foundries. Vanguard (VIS) said 2027 prices will outpace this year due to AI, and UMC and Powerchip (PSMC) both",no
2026-08-05T08:57:13.000+08:00,2472,1,,1,no,"","https://x.com/dnystedt/status/2084805892852302190","Links:  https:// money.udn.com/money/story/56 12/9671027?from=edn_maintab_index …   https:// ctee.com.tw/news/202608057 00098-430501 …   https:// ec.ltn.com.tw/article/breaki ngnews/5528146 …","Links:  https:// money.udn.com/money/story/56 12/9671027?from=edn_maintab_index …   https:// ctee.com.tw/news/202608057 00098-430501 …   https:// ec.ltn.com.tw/article/breaki ngnews/5528146 …",no
2026-08-05T08:54:57.000+08:00,6896,23,6,2,no,"#japan; tsmc; fab","https://x.com/dnystedt/status/2084805321147699314","TSMC Japan resumed operations after a 7.1-magnitude earthquake stuck last week, with fab production lines back up in less than a week, media report, adding TSMC donated ¥250 million (US$51.5M) for disaster relief.  $TSM  #Japan  https:// money.udn.com/money/story/56 12/9671058?from=edn_maintab_index …","TSMC Japan resumed operations after a 7.1-magnitude earthquake stuck last week, with fab production lines back up in less than a week, media report, adding TSMC donated ¥250 million (US$51.5M) for disaster relief.  $TSM  #Japan  https:// money.udn.com/money/story/56 12/9671058?from=edn_maintab_index …",no
2026-08-04T13:24:28.000+08:00,8919,40,10,10,yes,"image","https://x.com/dnystedt/status/2084510760324239574","Not bad news. Chairman Xi has embraced state-run companies as crony capitalism overtakes China. A free, capitalist China would be HUGE competition for the USA, but communist, crony China is not.","Not bad news. Chairman Xi has embraced state-run companies as crony capitalism overtakes China. A free, capitalist China would be HUGE competition for the USA, but communist, crony China is not.",no
2026-08-04T10:11:40.000+08:00,7093,17,2,4,no,"chip","https://x.com/dnystedt/status/2084462243098620155","Chip makers filing for Layout Design patents in China will be required to file a “Statement of Originality”, including blueprints showing exactly which parts are original in order to win patent protection, starting Oct. 15, media report, noting the originality statement will be","Chip makers filing for Layout Design patents in China will be required to file a “Statement of Originality”, including blueprints showing exactly which parts are original in order to win patent protection, starting Oct. 15, media report, noting the originality statement will be",no
2026-08-04T10:12:14.000+08:00,4048,7,,2,no,"semiconductor","https://x.com/dnystedt/status/2084462383406497805","Govt statements say the practice is in line with international standards & innovation protection, BUT Beijing’s history shows all laws are primarily used to achieve state goals, and the current state goal in semiconductors is to win at all cost.","Govt statements say the practice is in line with international standards & innovation protection, BUT Beijing’s history shows all laws are primarily used to achieve state goals, and the current state goal in semiconductors is to win at all cost.",no
2026-08-04T13:13:43.000+08:00,2398,,1,1,no,"","https://x.com/dnystedt/status/2084508054528356710","Reuters (English) Link:","Reuters (English) Link:",no
2026-08-04T13:11:07.000+08:00,9240,47,9,3,no,"tsmc; fab","https://x.com/dnystedt/status/2084507400380551640","Sony’s talks with TSMC over joint venture development of image sensor production lines at Sony's new fab in Koshi City, Japan (Kumamoto) “are progressing smoothly with a view to signing definitive agreements,” Sony said, adding it has already set aside ¥10 billion yen for the JV,","Sony’s talks with TSMC over joint venture development of image sensor production lines at Sony's new fab in Koshi City, Japan (Kumamoto) “are progressing smoothly with a view to signing definitive agreements,” Sony said, adding it has already set aside ¥10 billion yen for the JV,",no
2026-08-04T13:08:58.000+08:00,5956,33,1,3,no,"tsmc; apple; chip; memory; supply chain; shortage","https://x.com/dnystedt/status/2084506860800098457","A shortage of Apple’s best-selling MacBook Air caused by memory chip shortages show the supply chain disruption in consumer electronics is just beginning, media report, adding Apple’s woes will ripple down its supply chain to hit partners like TSMC, Quanta, Foxconn. The story","A shortage of Apple’s best-selling MacBook Air caused by memory chip shortages show the supply chain disruption in consumer electronics is just beginning, media report, adding Apple’s woes will ripple down its supply chain to hit partners like TSMC, Quanta, Foxconn. The story",no
2026-08-04T13:09:06.000+08:00,4221,2,,,no,"","https://x.com/dnystedt/status/2084506895486968294","Also:","Also:",no
2026-08-04T13:08:35.000+08:00,5275,29,6,3,no,"nvidia","https://x.com/dnystedt/status/2084506763324477869","Prices of consumer graphics cards are up 30% over the past week in China, with buyers diving in to avoid paying more later, media report. At the world’s biggest wholesale market for graphics cards in Shenzhen, prices of popular cards have gone up the most: Nvidia RTX 5060 hit","Prices of consumer graphics cards are up 30% over the past week in China, with buyers diving in to avoid paying more later, media report. At the world’s biggest wholesale market for graphics cards in Shenzhen, prices of popular cards have gone up the most: Nvidia RTX 5060 hit",no
2026-08-04T10:14:02.000+08:00,7122,53,13,5,no,"trendforce; ai server; csp; capex; server","https://x.com/dnystedt/status/2084462839037870254","TrendForce said AI server shipments are forecast to rise 31% year-on-year in 2026, up from a 28% target previously. The world’s 9 biggest Cloud Service Providers (CSPs), including Google Cloud and Amazon AWS, are forecast to spend US$886.7 billion on capex this year, up 90% from","TrendForce said AI server shipments are forecast to rise 31% year-on-year in 2026, up from a 28% target previously. The world’s 9 biggest Cloud Service Providers (CSPs), including Google Cloud and Amazon AWS, are forecast to spend US$886.7 billion on capex this year, up 90% from",no
2026-08-04T10:13:31.000+08:00,5872,18,4,,no,"tsmc; chip; inference; supply chain","https://x.com/dnystedt/status/2084462705151553704","Alchip, the custom ASIC chip designer, started counting revenue from China’s Li Auto for its first self-developed AI inference chip, the Mach M100, media report, citing unnamed supply chain sources. Alchip helped with the design, while TSMC will manufacture the Mach M100 on N5A,","Alchip, the custom ASIC chip designer, started counting revenue from China’s Li Auto for its first self-developed AI inference chip, the Mach M100, media report, citing unnamed supply chain sources. Alchip helped with the design, while TSMC will manufacture the Mach M100 on N5A,",no
2026-08-04T08:01:05.000+08:00,18696,198,41,7,no,"tsmc; intel; advanced packaging; cowos; packaging; yield","https://x.com/dnystedt/status/2084429378092732877","Intel’s EMIB-T advanced packaging costs 50% less than TSMC CoWoS, media report, adding EMIB-T will begin mass production next year as yields now exceed 90% - though another report says a 50% substrate yield remains the bottleneck.  -EMIB-T has already won Intel at least one AI","Intel’s EMIB-T advanced packaging costs 50% less than TSMC CoWoS, media report, adding EMIB-T will begin mass production next year as yields now exceed 90% - though another report says a 50% substrate yield remains the bottleneck.  -EMIB-T has already won Intel at least one AI",no
2026-08-04T08:01:28.000+08:00,3117,2,,1,no,"intel; fab; yield","https://x.com/dnystedt/status/2084429474536550880","Links:  https:// money.udn.com/money/story/56 12/9668641?from=edn_maintab_index …   https:// money.udn.com/money/story/56 12/9668769 …   https:// ctee.com.tw/news/202608037 01009-430501 …   https:// wccftech.com/intel-starts-p aying-overtime-bonuses-to-expedite-work-on-its-ohio-fab-as-emib-t-package-yield-approaches-90-percent/ …","Links:  https:// money.udn.com/money/story/56 12/9668641?from=edn_maintab_index …   https:// money.udn.com/money/story/56 12/9668769 …   https:// ctee.com.tw/news/202608037 01009-430501 …   https:// wccftech.com/intel-starts-p aying-overtime-bonuses-to-expedite-work-on-its-ohio-fab-as-emib-t-package-yield-approaches-90-percent/ …",no
2026-08-03T12:06:01.000+08:00,13262,133,20,5,no,"intel; advanced packaging; packaging","https://x.com/dnystedt/status/2084128632126238876","Intel’s EMIB-T advanced packaging wins ASIC project, and the technology is making good progress for 2028 mass production:  Quotes from earnings call on Friday 7/31  UBS analyst Sunny Lin: ""for the second cloud ASIC project  1.should we be looking at early 2028 and also how should","Intel’s EMIB-T advanced packaging wins ASIC project, and the technology is making good progress for 2028 mass production:  Quotes from earnings call on Friday 7/31  UBS analyst Sunny Lin: ""for the second cloud ASIC project  1.should we be looking at early 2028 and also how should",no
2026-08-03T12:18:14.000+08:00,3480,13,1,2,no,"mediatek; chip; rack","https://x.com/dnystedt/status/2084131705900994774","Added note:  MediaTek CEO: ""...you can assume early 2028 for early production for second chip. And the progresses both in design, tape-out date are on track.""","Added note:  MediaTek CEO: ""...you can assume early 2028 for early production for second chip. And the progresses both in design, tape-out date are on track.""",no
2026-08-03T12:07:16.000+08:00,1387,8,2,1,no,"mediatek","https://x.com/dnystedt/status/2084128946376032444","Taiwan media reported the EMIB-T exchange in morning papers. MediaTek's investor conference materials and a replay of the event are on its website:","Taiwan media reported the EMIB-T exchange in morning papers. MediaTek's investor conference materials and a replay of the event are on its website:",no
2026-08-03T08:07:38.000+08:00,18118,136,29,6,no,"nvidia","https://x.com/dnystedt/status/2084068638030791089","Nvidia Senior VP Gilad Shainer said Co-Packaged Optics (CPO) has entered mass production to meet the massive data throughput and speeds required by Nvidia’s Vera Rubin platform, which is at least 3x faster than GB300, media report, noting the bandwidth performance of scale-up","Nvidia Senior VP Gilad Shainer said Co-Packaged Optics (CPO) has entered mass production to meet the massive data throughput and speeds required by Nvidia’s Vera Rubin platform, which is at least 3x faster than GB300, media report, noting the bandwidth performance of scale-up",no
2026-08-03T07:16:49.000+08:00,90331,612,76,14,no,"intel; nvidia; chip; packaging; ai server; tpu; server","https://x.com/dnystedt/status/2084055853414621571","Rumor: Google is expanding orders for TPU AI server chips as demand heats up, with market researchers putting TPU demand at 15 million by 2028, more than Nvidia’s current 13 million per year, media report, adding Google turned to Intel for EMIB packaging because Nvidia pre-booked","Rumor: Google is expanding orders for TPU AI server chips as demand heats up, with market researchers putting TPU demand at 15 million by 2028, more than Nvidia’s current 13 million per year, media report, adding Google turned to Intel for EMIB packaging because Nvidia pre-booked",no
2026-08-03T07:17:09.000+08:00,6517,9,1,1,no,"","https://x.com/dnystedt/status/2084055933576224894","Also:","Also:",no
2026-08-03T06:58:49.000+08:00,9735,90,14,5,no,"tsmc; nvidia; amd; broadcom; wafer; wafer starts","https://x.com/dnystedt/status/2084051323373404453","TSMC clients like Nvidia, AMD, Broadcom are vying for advanced processes as TSMC ramps up capacity, media report: -TSMC 3nm now seen at 180,000 wafer starts per month by early 4th quarter vs prior target end-26 -2nm seen at 100,000wpm by year-end.  $TSM   $NVDA   $AVGO","TSMC clients like Nvidia, AMD, Broadcom are vying for advanced processes as TSMC ramps up capacity, media report: -TSMC 3nm now seen at 180,000 wafer starts per month by early 4th quarter vs prior target end-26 -2nm seen at 100,000wpm by year-end.  $TSM   $NVDA   $AVGO",no
2026-08-01T13:05:02.000+08:00,5923,31,4,2,no,"semiconductor; chip; fab","https://x.com/dnystedt/status/2083418705778663888","Linde plans to invest US$1 billion in Arizona after winning a semiconductor supply deal, media report, noting the world’s largest industrial gas company will supply ultra-high purity nitrogen, oxygen and argon to 2 new chip fabs through the expansion. Linde’s Taiwan joint venture","Linde plans to invest US$1 billion in Arizona after winning a semiconductor supply deal, media report, noting the world’s largest industrial gas company will supply ultra-high purity nitrogen, oxygen and argon to 2 new chip fabs through the expansion. Linde’s Taiwan joint venture",no
2026-08-01T13:04:41.000+08:00,7293,29,7,2,no,"semiconductor; chip","https://x.com/dnystedt/status/2083418617438429454","NXP Semiconductors is in talks to buy US video/camera chip designer Ambarella for its camera technology for self-driving cars, the FT reports.  $AMBA   $NXPI","NXP Semiconductors is in talks to buy US video/camera chip designer Ambarella for its camera technology for self-driving cars, the FT reports.  $AMBA   $NXPI",no
2026-08-01T13:04:21.000+08:00,6156,45,6,2,no,"semiconductor; chip; memory","https://x.com/dnystedt/status/2083418534835892688","South Korea’s semiconductor exports in July soared 179% year-on-year to US$41 billion as global prices for memory chips continued to rise, media report, adding total exports rose 63% to $98.89B. Exports to China nearly doubled to $21.7 billion on strong chip shipments, nonferrous","South Korea’s semiconductor exports in July soared 179% year-on-year to US$41 billion as global prices for memory chips continued to rise, media report, adding total exports rose 63% to $98.89B. Exports to China nearly doubled to $21.7 billion on strong chip shipments, nonferrous",no
2026-08-01T13:04:01.000+08:00,5132,22,3,1,no,"chip","https://x.com/dnystedt/status/2083418450136109244","Ardentec Corp. plans to spend NT$28.5 billion (US$880M) to expand advanced chip testing capacity and AI-assisted systems in Longtan, Taiwan, media report, citing Invest Taiwan.  $TER   $CAMT   $NVMI","Ardentec Corp. plans to spend NT$28.5 billion (US$880M) to expand advanced chip testing capacity and AI-assisted systems in Longtan, Taiwan, media report, citing Invest Taiwan.  $TER   $CAMT   $NVMI",no
2026-08-01T13:01:25.000+08:00,14787,37,8,2,no,"mediatek; chip; ai accelerator; data center; hpc","https://x.com/dnystedt/status/2083417798420963666","MediaTek sees sales of data center related chips (AI, HPC) over US$2 billion this year, with its first AI accelerator chip set for production in the 4th quarter, media report, adding strong demand for custom ASICs will continue next year. CEO Rick Tsai said the total market for","MediaTek sees sales of data center related chips (AI, HPC) over US$2 billion this year, with its first AI accelerator chip set for production in the 4th quarter, media report, adding strong demand for custom ASICs will continue next year. CEO Rick Tsai said the total market for",no
2026-08-01T13:01:34.000+08:00,2652,3,1,1,no,"","https://x.com/dnystedt/status/2083417833300713483","Links:  https:// money.udn.com/money/story/56 12/9663946?from=edn_maintab_index …   https:// ec.ltn.com.tw/article/breaki ngnews/5524311 …   https:// ctee.com.tw/news/202608017 00055-430502 …","Links:  https:// money.udn.com/money/story/56 12/9663946?from=edn_maintab_index …   https:// ec.ltn.com.tw/article/breaki ngnews/5524311 …   https:// ctee.com.tw/news/202608017 00055-430502 …",no
2026-08-01T13:00:43.000+08:00,24910,112,23,3,no,"tsmc; intel; chip; advanced packaging; packaging","https://x.com/dnystedt/status/2083417622604112299","TSMC vs Intel: TSMC is working with Kinsus Interconnect to develop an EMIB-like technology to keep customers from switching to Intel’s EMIB advanced packaging, media report. Intel’s EMIB uses silicon bridges between chips for interconnect, instead of the silicon interposer TSMC","TSMC vs Intel: TSMC is working with Kinsus Interconnect to develop an EMIB-like technology to keep customers from switching to Intel’s EMIB advanced packaging, media report. Intel’s EMIB uses silicon bridges between chips for interconnect, instead of the silicon interposer TSMC",no
2026-08-01T12:59:55.000+08:00,6557,23,1,1,no,"semiconductor; chip","https://x.com/dnystedt/status/2083417418144354465","Powerchip Chairman Frank Huang died Friday at the age of 76, media report, a 32-year veteran of Taiwan’s semiconductor industry. He started his career in medicine before opening an electronics business and then co-founding Powerchip in 1994, with Mitsubishi Electric, the first","Powerchip Chairman Frank Huang died Friday at the age of 76, media report, a 32-year veteran of Taiwan’s semiconductor industry. He started his career in medicine before opening an electronics business and then co-founding Powerchip in 1994, with Mitsubishi Electric, the first",no
2026-08-01T13:00:10.000+08:00,2305,1,,,no,"","https://x.com/dnystedt/status/2083417483017699559","Links:  https:// ctee.com.tw/news/202608017 00079-430502 …   https:// digitimes.com.tw/tech/dt/n/shwn ws.asp?id=763714&wpidx=4 …   https:// money.udn.com/money/story/56 12/9663476?from=edn_hottest_index …   https:// ec.ltn.com.tw/article/breaki ngnews/5524546 …","Links:  https:// ctee.com.tw/news/202608017 00079-430502 …   https:// digitimes.com.tw/tech/dt/n/shwn ws.asp?id=763714&wpidx=4 …   https:// money.udn.com/money/story/56 12/9663476?from=edn_hottest_index …   https:// ec.ltn.com.tw/article/breaki ngnews/5524546 …",no
2026-07-31T09:09:23.000+08:00,4776,22,3,1,no,"ai server; server","https://x.com/dnystedt/status/2082997015781548462","Yageo, Taiwan’s biggest passive component maker, said demand for AI server components remains 'very, very strong', leading some customers to pay a premium to secure supply and sign Long Term Agreements (LTAs), media report, adding Yageo raised prices in the 2nd quarter to keep","Yageo, Taiwan’s biggest passive component maker, said demand for AI server components remains 'very, very strong', leading some customers to pay a premium to secure supply and sign Long Term Agreements (LTAs), media report, adding Yageo raised prices in the 2nd quarter to keep",no
2026-07-31T09:07:59.000+08:00,5254,23,4,3,no,"chip; packaging; display; panel","https://x.com/dnystedt/status/2082996662017077587","AUO, the display panel maker, plans to spend NT$8.64 billion (US$267M) for an FOPLP advanced chip packaging pilot line that uses glass substrates: Glass Core (structure), Redistribution Layer (RDL, fine metal wiring) and Through Glass Via (TGV, tiny holes drilled through the","AUO, the display panel maker, plans to spend NT$8.64 billion (US$267M) for an FOPLP advanced chip packaging pilot line that uses glass substrates: Glass Core (structure), Redistribution Layer (RDL, fine metal wiring) and Through Glass Via (TGV, tiny holes drilled through the",no
2026-07-31T09:08:14.000+08:00,2159,1,1,1,no,"","https://x.com/dnystedt/status/2082996728329072829","Links:   https:// money.udn.com/money/story/11 162/9661798?from=edn_subcatelist_cate …   https:// ec.ltn.com.tw/article/breaki ngnews/5523189 …","Links:   https:// money.udn.com/money/story/11 162/9661798?from=edn_subcatelist_cate …   https:// ec.ltn.com.tw/article/breaki ngnews/5523189 …",no
2026-07-31T09:06:44.000+08:00,4678,25,3,1,no,"ai server; server","https://x.com/dnystedt/status/2082996350384497066","AI server giant Quanta Computer plans to raise up to US$2.2 billion (NT$71.2B) through a GDS (Global Depositary Share) offering in Luxembourg, media report, the biggest overseas fundraising by a Taiwan firm in nearly 20-years, media report, with the funds to be used for factory","AI server giant Quanta Computer plans to raise up to US$2.2 billion (NT$71.2B) through a GDS (Global Depositary Share) offering in Luxembourg, media report, the biggest overseas fundraising by a Taiwan firm in nearly 20-years, media report, with the funds to be used for factory",no
2026-07-31T09:05:47.000+08:00,4903,37,2,4,no,"capex","https://x.com/dnystedt/status/2082996109820268566","Delta Electronics, the power electronics giant, will spend NT$70 billion (US$2.2B) on capex this year, up from NT$46 billion last year and sees the 2nd half of the year even better than the first half. Mass production of 800V DC equipment is expected to begin in the 3rd quarter,","Delta Electronics, the power electronics giant, will spend NT$70 billion (US$2.2B) on capex this year, up from NT$46 billion last year and sees the 2nd half of the year even better than the first half. Mass production of 800V DC equipment is expected to begin in the 3rd quarter,",no
2026-07-31T09:06:09.000+08:00,2137,5,,,no,"","https://x.com/dnystedt/status/2082996201507692805","Note: 800V HVDC (800-volt High Voltage Direct Current) is also a common way to write it out, but 800V DC works better because the HV is redundant. 800V is high voltage.","Note: 800V HVDC (800-volt High Voltage Direct Current) is also a common way to write it out, but 800V DC works better because the HV is redundant. 800V is high voltage.",no
2026-07-31T09:04:44.000+08:00,5645,50,6,4,no,"chip; packaging; capex","https://x.com/dnystedt/status/2082995845071585633","ASE, the chip packaging giant, raised its 2026 capex to an estimated US$10.5 billion from $8.5 billion amid strong demand for advanced and general packaging, its 2nd capex increase so far this year, media report, adding the figure is based on analyst estimates. It would be the","ASE, the chip packaging giant, raised its 2026 capex to an estimated US$10.5 billion from $8.5 billion amid strong demand for advanced and general packaging, its 2nd capex increase so far this year, media report, adding the figure is based on analyst estimates. It would be the",no
2026-07-31T09:04:58.000+08:00,1968,4,1,,no,"","https://x.com/dnystedt/status/2082995905343672752","Links:  https:// money.udn.com/money/story/56 12/9661769?from=edn_maintab_cate …   https:// ctee.com.tw/news/202607317 00080-439901 …","Links:  https:// money.udn.com/money/story/56 12/9661769?from=edn_maintab_cate …   https:// ctee.com.tw/news/202607317 00080-439901 …",no
2026-07-30T08:44:20.000+08:00,5920,36,9,,no,"foundry; chip; fab; capex","https://x.com/dnystedt/status/2082628323197571223","UMC, Taiwan’s 2nd biggest chip foundry, has raised its capex to US$2 billion from $1.5 billion as it expands production in Singapore and Tainan, south Taiwan, media report. UMC will expand cleanroom capacity of its Phase 4 facility in Singapore and build a new fab in Tainan.","UMC, Taiwan’s 2nd biggest chip foundry, has raised its capex to US$2 billion from $1.5 billion as it expands production in Singapore and Tainan, south Taiwan, media report. UMC will expand cleanroom capacity of its Phase 4 facility in Singapore and build a new fab in Tainan.",no
2026-07-30T08:43:02.000+08:00,14530,48,13,3,no,"tsmc; fab","https://x.com/dnystedt/status/2082627998596096114","TSMC’s operation in Kumamoto, Japan is recovering and will need some time to recalibrate equipment after the 7.1-magnitude earthquake, tripping safety systems and halting production, media report. TSMC said the fab structure, water supply, power and safety systems are all normal,","TSMC’s operation in Kumamoto, Japan is recovering and will need some time to recalibrate equipment after the 7.1-magnitude earthquake, tripping safety systems and halting production, media report. TSMC said the fab structure, water supply, power and safety systems are all normal,",no
2026-07-30T08:43:14.000+08:00,2510,,1,1,no,"","https://x.com/dnystedt/status/2082628048835518506","Links:   https:// ctee.com.tw/news/202607307 00155-430501 …   https:// money.udn.com/money/story/11 162/9659090?from=edn_subcatelist_cate …","Links:   https:// ctee.com.tw/news/202607307 00155-430501 …   https:// money.udn.com/money/story/11 162/9659090?from=edn_subcatelist_cate …",no
2026-07-30T08:40:29.000+08:00,7314,63,10,3,no,"tsmc; fab","https://x.com/dnystedt/status/2082627357366693925","TSMC’s 1.4nm fab construction in central Taiwan is ahead of schedule despite the summer heat, and the first will be done by April, 2027, media report. The 1st phase of piling work is already done and construction of the central utility plant (CUP) and office buildings has already","TSMC’s 1.4nm fab construction in central Taiwan is ahead of schedule despite the summer heat, and the first will be done by April, 2027, media report. The 1st phase of piling work is already done and construction of the central utility plant (CUP) and office buildings has already",no
2026-07-30T08:40:42.000+08:00,2374,,1,1,no,"","https://x.com/dnystedt/status/2082627410915455230","Links:  https:// ctee.com.tw/news/202607307 00065-430501 …   https:// money.udn.com/money/story/11 162/9659234?from=edn_subcatelist_cate …","Links:  https:// ctee.com.tw/news/202607307 00065-430501 …   https:// money.udn.com/money/story/11 162/9659234?from=edn_subcatelist_cate …",no
2026-07-29T14:45:25.000+08:00,22344,113,18,7,yes,"tsmc; semiconductor; gpu; iphone","https://x.com/dnystedt/status/2082356807205601693","'Every dollar made by TSMC, Taiwan Semiconductor Manufacturing Company, in turn produces $3.60 in economic value for America, he said.'  Understatement?   “A GPU is about half the size of this iPhone. It is made from Sand. Taiwan Semi does amazing things to that sand, then sells","'Every dollar made by TSMC, Taiwan Semiconductor Manufacturing Company, in turn produces $3.60 in economic value for America, he said.'  Understatement?   “A GPU is about half the size of this iPhone. It is made from Sand. Taiwan Semi does amazing things to that sand, then sells",yes
2026-07-29T08:47:03.000+08:00,5683,26,4,2,no,"chip; capex; memory","https://x.com/dnystedt/status/2082266618802086135","Macronix, the specialty memory chip maker, raised its 2026 capex to NT$37.8 billion (US$1.17B) from NT$22 billion previously to help meet surging customer demand, media report, adding the chip maker reported 2nd quarter net profit rose 706% year-on-year to NT$7.74 billion.","Macronix, the specialty memory chip maker, raised its 2026 capex to NT$37.8 billion (US$1.17B) from NT$22 billion previously to help meet surging customer demand, media report, adding the chip maker reported 2nd quarter net profit rose 706% year-on-year to NT$7.74 billion.",no
2026-07-29T08:46:34.000+08:00,7957,41,11,1,no,"micron; capex; lead time","https://x.com/dnystedt/status/2082266500195557722","Unimicron Technology, the ABF substrate giant, raised its 2026 capex to NT$53.7 billion (US$1.66B) from NT$34.1 billion previously to pay for equipment with long lead time, media report, adding the company announced 2nd quarter net profit rose 441x year-on-year to NT$13.1","Unimicron Technology, the ABF substrate giant, raised its 2026 capex to NT$53.7 billion (US$1.66B) from NT$34.1 billion previously to pay for equipment with long lead time, media report, adding the company announced 2nd quarter net profit rose 441x year-on-year to NT$13.1",no
2026-07-29T08:46:09.000+08:00,5151,26,6,1,no,"ai server; server","https://x.com/dnystedt/status/2082266395535097867","Three AI server makers in Taiwan are all expanding investments in new capacity, media report: -Quanta bought a plant from AUO in north Taiwan for NT$19.7 billion (US$610M). Revamping an existing plant with clean room is much faster than building anew. -Wistron paid US$121 million","Three AI server makers in Taiwan are all expanding investments in new capacity, media report: -Quanta bought a plant from AUO in north Taiwan for NT$19.7 billion (US$610M). Revamping an existing plant with clean room is much faster than building anew. -Wistron paid US$121 million",no
2026-07-29T08:44:48.000+08:00,6241,30,5,4,no,"tsmc; fab","https://x.com/dnystedt/status/2082266054479503860","TSMC evacuated all fab workers at its Japan subsidiary in Kumamoto after a 7.1-magnitude earthquake struck the prefecture, media report, adding all are safe and accounted for. Employees returned to the fab after its structural integrity was confirmed and began inspecting lines","TSMC evacuated all fab workers at its Japan subsidiary in Kumamoto after a 7.1-magnitude earthquake struck the prefecture, media report, adding all are safe and accounted for. Employees returned to the fab after its structural integrity was confirmed and began inspecting lines",no
2026-07-29T08:44:59.000+08:00,2518,,,1,no,"","https://x.com/dnystedt/status/2082266099098538414","Links:   https:// money.udn.com/money/story/56 12/9656859?from=edn_subcatelist_cate …   https:// ctee.com.tw/news/202607297 00051-439901 …   https:// ec.ltn.com.tw/article/breaki ngnews/5520949 …","Links:   https:// money.udn.com/money/story/56 12/9656859?from=edn_subcatelist_cate …   https:// ctee.com.tw/news/202607297 00051-439901 …   https:// ec.ltn.com.tw/article/breaki ngnews/5520949 …",no
2026-07-29T08:43:31.000+08:00,6277,31,7,1,no,"nvidia; ai server; server","https://x.com/dnystedt/status/2082265729311908177","Nvidia Taiwan’s office and an employee’s home were raided by prosecutors as part of a high-profile case of smuggling high-end Super Micro Computer AI servers to China in violation of export controls, media report, adding one Nvidia employee has been detained as a prime suspect.","Nvidia Taiwan’s office and an employee’s home were raided by prosecutors as part of a high-profile case of smuggling high-end Super Micro Computer AI servers to China in violation of export controls, media report, adding one Nvidia employee has been detained as a prime suspect.",no
2026-07-28T09:47:54.000+08:00,5770,11,2,4,no,"chip; packaging; capex; ai chip","https://x.com/dnystedt/status/2081919546274046318","The board of Sigurd Microelectronics, the chip packaging firm, approved NT$2 billion (US$62M) more for capex this year, raising the total to NT$8.8 billion from NT$5.9 billion previously, media report. New spending will be aimed at AI chip testing equipment.  $TER   $CAMT   $FORM","The board of Sigurd Microelectronics, the chip packaging firm, approved NT$2 billion (US$62M) more for capex this year, raising the total to NT$8.8 billion from NT$5.9 billion previously, media report. New spending will be aimed at AI chip testing equipment.  $TER   $CAMT   $FORM",no
2026-07-28T09:47:02.000+08:00,5950,17,3,3,no,"#semiconductors; dram; asml; semiconductor; memory","https://x.com/dnystedt/status/2081919326848979028","China’s DRAM makers will double production capacity by 2030 led by CXMT, media report, citing Goldman Sachs. The report says China’s memory makers are focusing on 3D DRAM due to restrictions to their purchase of EUV lithography machines.  $ASML   $SKHY  $SSNLF  $MU  #semiconductors","China’s DRAM makers will double production capacity by 2030 led by CXMT, media report, citing Goldman Sachs. The report says China’s memory makers are focusing on 3D DRAM due to restrictions to their purchase of EUV lithography machines.  $ASML   $SKHY  $SSNLF  $MU  #semiconductors",no
2026-07-28T09:46:23.000+08:00,6394,25,5,4,no,"tsmc; semiconductor; supply chain","https://x.com/dnystedt/status/2081919165145985449","TSMC’s hometown in Japan is building the ‘Kumamoto Science Park’ and has already inked an MOU to work with Taiwan’s Hsinchu Science Park to cooperate in semiconductors, startup development, industrial exchange, supply chain resilience and more, media report, adding Taiwan’s","TSMC’s hometown in Japan is building the ‘Kumamoto Science Park’ and has already inked an MOU to work with Taiwan’s Hsinchu Science Park to cooperate in semiconductors, startup development, industrial exchange, supply chain resilience and more, media report, adding Taiwan’s",no
2026-07-28T09:46:38.000+08:00,2636,1,,2,no,"","https://x.com/dnystedt/status/2081919225938239904","Links:  https:// cna.com.tw/news/afe/20260 7270089.aspx …   https:// news.cnyes.com/news/id/6546868","Links:  https:// cna.com.tw/news/afe/20260 7270089.aspx …   https:// news.cnyes.com/news/id/6546868",no
2026-07-28T08:42:02.000+08:00,6314,39,6,3,no,"qualcomm; mediatek; wafer; chip; packaging; data center; supply chain; smartphone","https://x.com/dnystedt/status/2081902970137161873","MediaTek and Qualcomm are both raising prices on smartphone chips in the 3rd quarter due to rising costs across the supply chain – including wafers, packaging materials, services, etc. – caused by the AI data center build out, media report, with MediaTek price increases already","MediaTek and Qualcomm are both raising prices on smartphone chips in the 3rd quarter due to rising costs across the supply chain – including wafers, packaging materials, services, etc. – caused by the AI data center build out, media report, with MediaTek price increases already",no
2026-07-28T08:26:58.000+08:00,6233,42,4,6,no,"#gaming; nvidia; amd; chip; memory","https://x.com/dnystedt/status/2081899176468902354","Nvidia raised graphics card prices again, 20%-30%, due to rising memory chip prices, media report, the 3rd hike this year.  $NVDA   $AMD   $MU   $SKHY  $SSNLF #gaming","Nvidia raised graphics card prices again, 20%-30%, due to rising memory chip prices, media report, the 3rd hike this year.  $NVDA   $AMD   $MU   $SKHY  $SSNLF #gaming",no
2026-07-28T08:27:09.000+08:00,2715,2,,2,no,"","https://x.com/dnystedt/status/2081899224246165688","Also:","Also:",no
2026-07-28T07:54:22.000+08:00,12115,42,5,6,no,"asml; semiconductor","https://x.com/dnystedt/status/2081890974511559135","Semiconductor stocks went green to red in US trading due to this story, SOX index -2.2%, ASML -5.8%","Semiconductor stocks went green to red in US trading due to this story, SOX index -2.2%, ASML -5.8%",no
2026-07-27T09:48:37.000+08:00,6800,33,7,4,no,"semiconductor","https://x.com/dnystedt/status/2081557339430383884","Taiwan’s semiconductor industry will account for 24.34% of Taiwan’s total power consumption in 2030, up from 17.71% this year, media report, citing state-run Taipower. That means 80 billion kWh by 2030, from 52 billion kWh this year. By 2035, the semiconductor industry’s power","Taiwan’s semiconductor industry will account for 24.34% of Taiwan’s total power consumption in 2030, up from 17.71% this year, media report, citing state-run Taipower. That means 80 billion kWh by 2030, from 52 billion kWh this year. By 2035, the semiconductor industry’s power",no
2026-07-27T09:21:10.000+08:00,10288,48,3,5,no,"samsung; broadcom; foundry; chip; memory","https://x.com/dnystedt/status/2081550429402644935","Samsung inked a $200 billion MOU to make chips for Broadcom, both memory and logic (foundry):","Samsung inked a $200 billion MOU to make chips for Broadcom, both memory and logic (foundry):",no
2026-07-27T07:51:56.000+08:00,6246,83,12,3,no,"tsmc; wafer; fab","https://x.com/dnystedt/status/2081527972515975203","TSMC’s first 2nm fab hit a production milestone of 20,000 wafers-per-month (wpm), the best among 5 fabs ramping 2nm capacity in Taiwan, media report, citing unnamed industry sources. Fab 20 in Hsinchu sits by TSMC’s main R&D fab, giving it a prime position in the rollout of new","TSMC’s first 2nm fab hit a production milestone of 20,000 wafers-per-month (wpm), the best among 5 fabs ramping 2nm capacity in Taiwan, media report, citing unnamed industry sources. Fab 20 in Hsinchu sits by TSMC’s main R&D fab, giving it a prime position in the rollout of new",no
2026-07-27T07:50:27.000+08:00,6240,44,10,7,no,"#semiconductors; #arizona; tsmc; nvidia; semiconductor; chip; advanced packaging; cowos; packaging; ai chip","https://x.com/dnystedt/status/2081527600753844617","Nvidia’s first 'Made in USA' GB300 AI chips have rolled off the line at TSMC Arizona, media report, noting CoWoS advanced packaging will be the final step to fully localizing the GB300. The 4nm chip is also known as Grace Blackwell Ultra.  $NVDA   $TSM   $AMKR  #semiconductors #Arizona","Nvidia’s first 'Made in USA' GB300 AI chips have rolled off the line at TSMC Arizona, media report, noting CoWoS advanced packaging will be the final step to fully localizing the GB300. The 4nm chip is also known as Grace Blackwell Ultra.  $NVDA   $TSM   $AMKR  #semiconductors #Arizona",no
2026-07-27T07:39:16.000+08:00,28564,89,20,3,no,"nvidia; data center","https://x.com/dnystedt/status/2081524785625108553","Rumor: Delta Electronics inked a US$2 billion deal with Infineon (Germany) to supply SiC (Silicon Carbide), a key material for Nvidia’s 800VDC power architecture for AI data centers, media report. If true, the LTA would signal a rumored delay in Nvidia 800VDC was wrong, and","Rumor: Delta Electronics inked a US$2 billion deal with Infineon (Germany) to supply SiC (Silicon Carbide), a key material for Nvidia’s 800VDC power architecture for AI data centers, media report. If true, the LTA would signal a rumored delay in Nvidia 800VDC was wrong, and",no
2026-07-24T08:59:26.000+08:00,10331,49,5,18,no,"tsmc; amd; chip; advanced packaging; cowos; packaging; fab; gpu","https://x.com/dnystedt/status/2080457798144741775","AMD’s new Venice processor and Instinct MI455X GPU are both in production at TSMC on 2nm, media report, adding AMD plans to have TSMC Arizona produce Venice as well (when fab ready). Both chips will use CoWoS-L advanced packaging.   Since CoWoS-L capacity remains tight, some","AMD’s new Venice processor and Instinct MI455X GPU are both in production at TSMC on 2nm, media report, adding AMD plans to have TSMC Arizona produce Venice as well (when fab ready). Both chips will use CoWoS-L advanced packaging.   Since CoWoS-L capacity remains tight, some",no
2026-07-24T08:59:47.000+08:00,3833,2,,12,no,"","https://x.com/dnystedt/status/2080457883419045961","Links:  https:// money.udn.com/money/story/56 12/9647463?from=edn_subcatelist_cate …   https:// ctee.com.tw/news/202607247 00069-430501 …","Links:  https:// money.udn.com/money/story/56 12/9647463?from=edn_subcatelist_cate …   https:// ctee.com.tw/news/202607247 00069-430501 …",no
2026-07-24T08:26:30.000+08:00,7003,42,8,7,no,"tsmc; samsung; qualcomm; foundry; chip; snapdragon","https://x.com/dnystedt/status/2080449510866866313","TSMC’s 3nm process enjoys visibility through 2027 as the chip foundry wins more orders, media report, noting 3nm remains fully loaded now: -Qualcomm: Snapdragon 8 Elite Gen 5 for Samsung Galaxy (foldable) on TSMC N3P -Tesla: AI5 chip optimized for Optimus/cars in mass production","TSMC’s 3nm process enjoys visibility through 2027 as the chip foundry wins more orders, media report, noting 3nm remains fully loaded now: -Qualcomm: Snapdragon 8 Elite Gen 5 for Samsung Galaxy (foldable) on TSMC N3P -Tesla: AI5 chip optimized for Optimus/cars in mass production",no
2026-07-24T08:25:50.000+08:00,5888,32,4,2,no,"#semiconductors; tsmc; semiconductor; chip","https://x.com/dnystedt/status/2080449341681262768","Tesla’s first 2nm chip by TSMC to be made in Arizona, the AI6.5 chip, media report: -AI5 chip optimized for Optimus/cars in mass production at TSMC by mid-2027 -Global Unichip (GUC) is a design partner for AI5  $TSLA   $TSM  #semiconductors","Tesla’s first 2nm chip by TSMC to be made in Arizona, the AI6.5 chip, media report: -AI5 chip optimized for Optimus/cars in mass production at TSMC by mid-2027 -Global Unichip (GUC) is a design partner for AI5  $TSLA   $TSM  #semiconductors",no
2026-07-23T08:44:40.000+08:00,7837,40,5,5,no,"ai server; capex; server","https://x.com/dnystedt/status/2080091694620692942","Interview: Chairman of AI server giant Wistron, Simon Lin in Texas for AI server plant opening, media report: -Wistron capex will hit NT$60 billion this year and increase again next year -Revenue growth will continue -Future factory expansion will focus on the Taiwan and the US","Interview: Chairman of AI server giant Wistron, Simon Lin in Texas for AI server plant opening, media report: -Wistron capex will hit NT$60 billion this year and increase again next year -Revenue growth will continue -Future factory expansion will focus on the Taiwan and the US",no
2026-07-23T08:45:59.000+08:00,3143,1,1,2,no,"","https://x.com/dnystedt/status/2080092024192344101","Links:  https:// ec.ltn.com.tw/article/breaki ngnews/5514525 …   https:// ec.ltn.com.tw/article/breaki ngnews/5514526 …   https:// ec.ltn.com.tw/article/breaki ngnews/5514527 …   https:// ec.ltn.com.tw/article/breaki ngnews/5514528 …","Links:  https:// ec.ltn.com.tw/article/breaki ngnews/5514525 …   https:// ec.ltn.com.tw/article/breaki ngnews/5514526 …   https:// ec.ltn.com.tw/article/breaki ngnews/5514527 …   https:// ec.ltn.com.tw/article/breaki ngnews/5514528 …",no
2026-07-23T08:43:37.000+08:00,13209,51,15,4,no,"semiconductor; wafer; chip; fab","https://x.com/dnystedt/status/2080091428588581107","89 semiconductor wafer fab construction projects are in “concrete” planning stages and expected to be built between 2026 – 2030 to meet demand for the global AI build-out, and an additional 50 fabs could be built between 2030 – 2035 as chip demand broadens, said SEMI Taiwan","89 semiconductor wafer fab construction projects are in “concrete” planning stages and expected to be built between 2026 – 2030 to meet demand for the global AI build-out, and an additional 50 fabs could be built between 2030 – 2035 as chip demand broadens, said SEMI Taiwan",no
2026-07-23T08:42:56.000+08:00,5637,27,3,3,no,"apple; supply chain; iphone","https://x.com/dnystedt/status/2080091257968504993","Apple’s foldable iPhone is incredibly difficult to mass produce, and supply chain partner Foxconn is making final adjustments to the production process now, media report, adding the schedule remains unchanged for the device to debut at Apple’s September launch event.  $AAPL","Apple’s foldable iPhone is incredibly difficult to mass produce, and supply chain partner Foxconn is making final adjustments to the production process now, media report, adding the schedule remains unchanged for the device to debut at Apple’s September launch event.  $AAPL",no
2026-07-23T08:42:34.000+08:00,8560,64,12,4,no,"","https://x.com/dnystedt/status/2080091162791346299","SpaceX continues to order printed circuit boards (PCBs) from Taiwan manufacturers despite building a PCB factory in Texas, a plant seen unlikely to hurt Taiwan over the next 3-years because it focuses on low-volume PCBs for the US military and not mass production, media report.","SpaceX continues to order printed circuit boards (PCBs) from Taiwan manufacturers despite building a PCB factory in Texas, a plant seen unlikely to hurt Taiwan over the next 3-years because it focuses on low-volume PCBs for the US military and not mass production, media report.",no
2026-07-22T09:17:55.000+08:00,11450,52,8,7,no,"","https://x.com/dnystedt/status/2079737671682015365","Taiwan’s June export orders rose 59.4% year-on-year to US$95.26 billion, a record high and topping expectations for 47.3% growth, media report: -Orders for electronics goods +79.9% to $40.5B -IT/communications +81.9% to $34.15B -The US led all nations +83.6% to $38.66B -In 1st","Taiwan’s June export orders rose 59.4% year-on-year to US$95.26 billion, a record high and topping expectations for 47.3% growth, media report: -Orders for electronics goods +79.9% to $40.5B -IT/communications +81.9% to $34.15B -The US led all nations +83.6% to $38.66B -In 1st",no
2026-07-22T11:57:48.000+08:00,3035,4,1,1,no,"semiconductor; ai server; server","https://x.com/dnystedt/status/2079777906998522257","AI server and networking products fall under ""IT/communications"" and semiconductors are under ""Electronics""","AI server and networking products fall under ""IT/communications"" and semiconductors are under ""Electronics""",no
2026-07-22T09:18:03.000+08:00,2625,5,2,2,no,"","https://x.com/dnystedt/status/2079737708394729769","Links:  https:// news.cnyes.com/news/id/6541555   https:// chinatimes.com/newspapers/202 60722000559-260110?chdtv …  Taiwan government:  https:// moea.gov.tw/Mns/dos/bullet in/Bulletin.aspx?kind=5&html=1&menu_id=6724&bull_id=16881 …","Links:  https:// news.cnyes.com/news/id/6541555   https:// chinatimes.com/newspapers/202 60722000559-260110?chdtv …  Taiwan government:  https:// moea.gov.tw/Mns/dos/bullet in/Bulletin.aspx?kind=5&html=1&menu_id=6724&bull_id=16881 …",no
2026-07-22T09:17:02.000+08:00,6828,54,7,4,no,"chip; fab; memory","https://x.com/dnystedt/status/2079737452189880407","Nanya Technology, Taiwan’s top memory chip maker, said its new NT$500 billion (US$15.5B) Taishan fab will open early next year and help it close the gap with bigger memory chip makers, media report, adding it will be the 1st Nanya fab to use EUV lithography.  Nanya is also","Nanya Technology, Taiwan’s top memory chip maker, said its new NT$500 billion (US$15.5B) Taishan fab will open early next year and help it close the gap with bigger memory chip makers, media report, adding it will be the 1st Nanya fab to use EUV lithography.  Nanya is also",no
2026-07-22T09:13:14.000+08:00,4654,20,2,2,no,"","https://x.com/dnystedt/status/2079736495557230845","Starlink is expected in Taiwan soon, as lawmakers passed amendments easing foreign ownership restrictions in the telecom sector, media report, adding the argument that low-earth-orbit (LEO) satellites are an important new way to ensure communications remain open in emergencies,","Starlink is expected in Taiwan soon, as lawmakers passed amendments easing foreign ownership restrictions in the telecom sector, media report, adding the argument that low-earth-orbit (LEO) satellites are an important new way to ensure communications remain open in emergencies,",no
2026-07-22T09:12:48.000+08:00,6038,29,6,3,no,"#semiconductors; nvidia; semiconductor; chip","https://x.com/dnystedt/status/2079736384672460929","Nvidia said the first AI PCs made using its RTX Spark chip platform will debut this Fall, media report, adding among Taiwan makers, Asustek and MSI are expected to be among the first, followed by Acer and Gigabyte later.  $NVDA  #semiconductors","Nvidia said the first AI PCs made using its RTX Spark chip platform will debut this Fall, media report, adding among Taiwan makers, Asustek and MSI are expected to be among the first, followed by Acer and Gigabyte later.  $NVDA  #semiconductors",no
2026-07-21T12:51:50.000+08:00,18622,34,3,7,no,"","https://x.com/dnystedt/status/2079429117922218132","China needs hard currency.","China needs hard currency.",no
2026-07-21T09:04:30.000+08:00,7087,61,7,3,no,"tsmc; fab","https://x.com/dnystedt/status/2079371907917607093","TSMC’s US$100 billion addition to its US investment plans – now totaling $265 billion – will expand TSMC Arizona to 12 fabs, but the market fears the move will hurt profitability, media report, noting construction costs are 4 to 5 times higher than Taiwan (from TSMC’s CFO). The","TSMC’s US$100 billion addition to its US investment plans – now totaling $265 billion – will expand TSMC Arizona to 12 fabs, but the market fears the move will hurt profitability, media report, noting construction costs are 4 to 5 times higher than Taiwan (from TSMC’s CFO). The",no
2026-07-21T09:02:28.000+08:00,15725,92,15,1,no,"tsmc; semiconductor","https://x.com/dnystedt/status/2079371396401238515","A former TSMC deputy manager was recruited by a Communist Chinese Party spy to steal semiconductor trade secrets and establish a new firm in China, China Semiconductor Materials Analysis Co. (CSMAC), media report, adding prosecutors are seeking a 7-year sentence for Mr. Chen for","A former TSMC deputy manager was recruited by a Communist Chinese Party spy to steal semiconductor trade secrets and establish a new firm in China, China Semiconductor Materials Analysis Co. (CSMAC), media report, adding prosecutors are seeking a 7-year sentence for Mr. Chen for",no
2026-07-21T09:02:43.000+08:00,3006,7,1,1,no,"","https://x.com/dnystedt/status/2079371461282898090","Links:  https:// udn.com/news/story/732 1/9639602 …   https:// cna.com.tw/news/asoc/2026 07200248.aspx …   https:// ec.ltn.com.tw/article/breaki ngnews/5511675 …  Taiwan High Prosecutors Office:  https:// tph.moj.gov.tw","Links:  https:// udn.com/news/story/732 1/9639602 …   https:// cna.com.tw/news/asoc/2026 07200248.aspx …   https:// ec.ltn.com.tw/article/breaki ngnews/5511675 …  Taiwan High Prosecutors Office:  https:// tph.moj.gov.tw",no
2026-07-20T08:54:31.000+08:00,16575,93,14,5,no,"tsmc; nvidia; amd; chip; ai accelerator; cpu; server","https://x.com/dnystedt/status/2079007008183980286","AMD’s latest chips made using TSMC’s 2nm production will debut this week at AMD Advancing AI 2026 conference (July 22-23), media report: Venice: 2nm server CPU Instinct MI450, MI455: 2nm AI accelerators to compete with Nvidia Rubin Instinct MI550 (rumored 4-compute-die design,","AMD’s latest chips made using TSMC’s 2nm production will debut this week at AMD Advancing AI 2026 conference (July 22-23), media report: Venice: 2nm server CPU Instinct MI450, MI455: 2nm AI accelerators to compete with Nvidia Rubin Instinct MI550 (rumored 4-compute-die design,",no
2026-07-20T09:11:01.000+08:00,3456,11,1,4,no,"tsmc; intel; amd; fab; yield","https://x.com/dnystedt/status/2079011160029106630","Last week, reports said Intel took back some production to its own fabs from TSMC, due to yield improvements, which also frees capacity for AMD to use...","Last week, reports said Intel took back some production to its own fabs from TSMC, due to yield improvements, which also frees capacity for AMD to use...",no
2026-07-20T08:55:42.000+08:00,6945,25,4,4,no,"tsmc","https://x.com/dnystedt/status/2079007304033390889","AEMC (Advanced Echem), a specialty chemical maker and key TSMC supplier, will invest NT$4.52 billion (US$140M) on a new chemical plant and R&D lab in the Longtan Science Park in north Taiwan due to strong demand, media report. AEMC’s top products are used in 2nm production and","AEMC (Advanced Echem), a specialty chemical maker and key TSMC supplier, will invest NT$4.52 billion (US$140M) on a new chemical plant and R&D lab in the Longtan Science Park in north Taiwan due to strong demand, media report. AEMC’s top products are used in 2nm production and",no
2026-07-20T07:46:25.000+08:00,7857,54,6,9,no,"tsmc","https://x.com/dnystedt/status/2078989869918142970","TSMC and other high energy users may soon see costs rise: Taiwan lawmakers will on Wednesday (7/22) review a proposal to require major electricity consumers (TSMC is the biggest) to install their own power supply for 5MW or more power contracts, media report, noting around 400","TSMC and other high energy users may soon see costs rise: Taiwan lawmakers will on Wednesday (7/22) review a proposal to require major electricity consumers (TSMC is the biggest) to install their own power supply for 5MW or more power contracts, media report, noting around 400",no
2026-07-20T07:45:46.000+08:00,37873,81,19,5,no,"intel; qualcomm; foundry; chip; advanced packaging; packaging; fab","https://x.com/dnystedt/status/2078989708449980671","UMC, Taiwan’s 2nd biggest chip foundry, is looking to expand a fab in south Taiwan due to an overflow of advanced packaging and specialty AI-related orders (silicon interposers, DTC) from Qualcomm, Intel and SanDisk, media report, noting new plans for UMC’s Fab 12A P7 near","UMC, Taiwan’s 2nd biggest chip foundry, is looking to expand a fab in south Taiwan due to an overflow of advanced packaging and specialty AI-related orders (silicon interposers, DTC) from Qualcomm, Intel and SanDisk, media report, noting new plans for UMC’s Fab 12A P7 near",no
2026-07-20T07:42:04.000+08:00,250149,485,74,31,no,"nvidia; ai server; server","https://x.com/dnystedt/status/2078988776983114124","SpaceX has placed its first orders for Nvidia GB300-based AI servers to Taiwan’s Foxconn, amid plans by Elon Musk’s company to buy 13,000 of them in all, worth an estimated US$52 billion, ($4M each), media report, citing unnamed industry sources. It’s the first time SpaceX has","SpaceX has placed its first orders for Nvidia GB300-based AI servers to Taiwan’s Foxconn, amid plans by Elon Musk’s company to buy 13,000 of them in all, worth an estimated US$52 billion, ($4M each), media report, citing unnamed industry sources. It’s the first time SpaceX has",no
2026-07-20T07:07:15.000+08:00,13505,33,3,4,no,"capex","https://x.com/dnystedt/status/2078980013291184554","Interesting note: ""...in the end, open-weight models deter further AI capex.""  ""I am personally surprised the Chinese state continues to allow the open sourcing of models this good, given potential risks.""   ""One probable outcome of an open-weight-model-dominant world is full AI","Interesting note: ""...in the end, open-weight models deter further AI capex.""  ""I am personally surprised the Chinese state continues to allow the open sourcing of models this good, given potential risks.""   ""One probable outcome of an open-weight-model-dominant world is full AI",no
2026-07-17T09:14:35.000+08:00,6893,42,1,5,no,"","https://x.com/dnystedt/status/2077924893476442455","'Taiwan's premium mangoes head to Europe for the first time'  ""The best mangoes in Taiwan are Snow Mangoes. Snow Mangoes are the Louis Vuitton of the mango world,"" said You Tsang-fu, mango grower.   (Fun story. And yes, they're fantastic.)","'Taiwan's premium mangoes head to Europe for the first time'  ""The best mangoes in Taiwan are Snow Mangoes. Snow Mangoes are the Louis Vuitton of the mango world,"" said You Tsang-fu, mango grower.   (Fun story. And yes, they're fantastic.)",no
2026-07-17T08:06:36.000+08:00,9560,57,10,4,no,"broadcom; chip; packaging; panel","https://x.com/dnystedt/status/2077907784621023516","Broadcom and Taiwan’s Powertech will invest US$400 million on a joint venture plant in Singapore for high-end chip packaging substrates, media report, citing Powertech regulatory filings. Powertech developed Fan-Out Panel-Level-Packaging (FOPLP) for large-sized chips such as","Broadcom and Taiwan’s Powertech will invest US$400 million on a joint venture plant in Singapore for high-end chip packaging substrates, media report, citing Powertech regulatory filings. Powertech developed Fan-Out Panel-Level-Packaging (FOPLP) for large-sized chips such as",no
2026-07-17T08:06:50.000+08:00,2890,2,,,no,"","https://x.com/dnystedt/status/2077907846445088921","Links:  https:// money.udn.com/money/story/56 12/9632960?from=edn_maintab_index …   https:// ec.ltn.com.tw/article/breaki ngnews/5507832 …","Links:  https:// money.udn.com/money/story/56 12/9632960?from=edn_maintab_index …   https:// ec.ltn.com.tw/article/breaki ngnews/5507832 …",no
2026-07-16T16:41:27.000+08:00,2946,9,,2,no,"tsmc","https://x.com/dnystedt/status/2077674964069888214","31/ TSMC CFO on Dividend TSMC remains committed to steadily rising dividend payout on a quarterly and annual basis.  2025 NT$18 cash dividend per share, up 26% year-on-year 2026 NT$24 per share, up another 33% 2027 “…and we expect a continual and increasing cash dividend per","31/ TSMC CFO on Dividend TSMC remains committed to steadily rising dividend payout on a quarterly and annual basis.  2025 NT$18 cash dividend per share, up 26% year-on-year 2026 NT$24 per share, up another 33% 2027 “…and we expect a continual and increasing cash dividend per",no
2026-07-16T16:42:31.000+08:00,2650,5,,,no,"","https://x.com/dnystedt/status/2077675232543076646","Link: (All documents) Audio replay already up.","Link: (All documents) Audio replay already up.",no
2026-07-16T16:40:43.000+08:00,862,9,1,1,no,"tsmc; arm; ai accelerator; data center; cpu","https://x.com/dnystedt/status/2077674778325111012","29/ TSMC Chairman on Agentic AI impact on CPUs ‘…Agentic AI is leading to a resurgence in the role of CPUs in AI data centers, which drive more silicon demand in addition to AI accelerators. We believe this is positive to TSMC as no matter what CPU approach is taken (x86, Arm,","29/ TSMC Chairman on Agentic AI impact on CPUs ‘…Agentic AI is leading to a resurgence in the role of CPUs in AI data centers, which drive more silicon demand in addition to AI accelerators. We believe this is positive to TSMC as no matter what CPU approach is taken (x86, Arm,",no
2026-07-16T16:41:06.000+08:00,952,4,,1,no,"tsmc; chip; node; rack","https://x.com/dnystedt/status/2077674874924159140","30/ TSMC Chairman on A14, A13, A12 (MORE) -Full node stride from N2, 2nd gen nanosheet transistors 10-15% speed improvement at same power Or 25-30% power improvement at the same speed And close to 20% chip density gain A14 tech development is on track and progressing well. -Close","30/ TSMC Chairman on A14, A13, A12 (MORE) -Full node stride from N2, 2nd gen nanosheet transistors 10-15% speed improvement at same power Or 25-30% power improvement at the same speed And close to 20% chip density gain A14 tech development is on track and progressing well. -Close",no
2026-07-16T14:14:05.000+08:00,4038,20,2,2,no,"tsmc","https://x.com/dnystedt/status/2077637878138675287","10/ TSMC Chairman C.C. Wei -Full year 2026 revenue will rise by slightly above-40% year-on-year in US$","10/ TSMC Chairman C.C. Wei -Full year 2026 revenue will rise by slightly above-40% year-on-year in US$",no
2026-07-16T15:25:50.000+08:00,1704,4,,,no,"","https://x.com/dnystedt/status/2077655936639074776","Previous guidance was: to increase by “above 30%” YoY in US dollar term","Previous guidance was: to increase by “above 30%” YoY in US dollar term",no
2026-07-16T14:10:55.000+08:00,8353,34,9,2,no,"tsmc; asml","https://x.com/dnystedt/status/2077637082307289542","8/ TSMC 2026 Capital Expenditures Raises guidance to US$60 - $64 billion from “above $56 billion” previously  $ASML   $TSM   $AMAT   $LRCX   $KLAC  $TOELY","8/ TSMC 2026 Capital Expenditures Raises guidance to US$60 - $64 billion from “above $56 billion” previously  $ASML   $TSM   $AMAT   $LRCX   $KLAC  $TOELY",no
2026-07-16T15:13:36.000+08:00,1035,3,,,no,"","https://x.com/dnystedt/status/2077652856698773765","Prior guidance actually: 'high end of range' of $52-$56 billion","Prior guidance actually: 'high end of range' of $52-$56 billion",no
2026-07-16T14:16:14.000+08:00,4672,25,4,1,no,"tsmc; capex","https://x.com/dnystedt/status/2077638421229797495","11/ TSMC Chairman C.C. Wei We are stepping up our capex investment to meet our customers’ future demand  Announces additional US$100 billion investment in Arizona","11/ TSMC Chairman C.C. Wei We are stepping up our capex investment to meet our customers’ future demand  Announces additional US$100 billion investment in Arizona",no
2026-07-16T14:17:10.000+08:00,2483,19,1,2,no,"tsmc; advanced packaging; packaging; fab","https://x.com/dnystedt/status/2077638654877741262","12/ TSMC Chairman C.C. Wei  New $100 billion investment includes several fabs and advanced packaging plants and will create high paying jobs in the United States.","12/ TSMC Chairman C.C. Wei  New $100 billion investment includes several fabs and advanced packaging plants and will create high paying jobs in the United States.",no
2026-07-16T09:49:20.000+08:00,6515,29,2,5,no,"supply chain","https://x.com/dnystedt/status/2077571252726989213","Taiwan’s National Science and Technology Council also plans to establish a 'Private Space Fund' with the private sector to develop the space industry supply chain and new technologies, media report, citing the head of the council. His comment was in response to a call by the","Taiwan’s National Science and Technology Council also plans to establish a 'Private Space Fund' with the private sector to develop the space industry supply chain and new technologies, media report, citing the head of the council. His comment was in response to a call by the",no
2026-07-16T09:47:19.000+08:00,5965,30,,4,yes,"semiconductor","https://x.com/dnystedt/status/2077570745623011816","Taiwan’s National Science and Technology Council plans to raise spending on science/tech related projects 6.2% next year to NT$176.8 billion (US$5.48B), up from NT$166.5B this year, media report.  Major projects include: -Southern Taiwan Silicon Valley Program (Semiconductors)","Taiwan’s National Science and Technology Council plans to raise spending on science/tech related projects 6.2% next year to NT$176.8 billion (US$5.48B), up from NT$166.5B this year, media report.  Major projects include: -Southern Taiwan Silicon Valley Program (Semiconductors)",no
2026-07-16T09:48:03.000+08:00,2537,3,,3,no,"","https://x.com/dnystedt/status/2077570930403070324","Links:   https:// money.udn.com/money/story/73 07/9630420?from=edn_editorrelated_story …   https:// news.ltn.com.tw/news/politics/ breakingnews/5506416 …","Links:   https:// money.udn.com/money/story/73 07/9630420?from=edn_editorrelated_story …   https:// news.ltn.com.tw/news/politics/ breakingnews/5506416 …",no
2026-07-16T08:30:36.000+08:00,8987,78,10,5,no,"nvidia; rack; server","https://x.com/dnystedt/status/2077551436792266852","Nvidia Groq 3 server racks are expected to begin shipping in the 2nd half of 2026, media report, featuring 256 Groq LPUs (Language Processing Units) in 32 compute trays (8 each), with a complex 52-layer circuit board (PCB) for interconnects and power distribution.   The article","Nvidia Groq 3 server racks are expected to begin shipping in the 2nd half of 2026, media report, featuring 256 Groq LPUs (Language Processing Units) in 32 compute trays (8 each), with a complex 52-layer circuit board (PCB) for interconnects and power distribution.   The article",no
2026-07-16T08:29:10.000+08:00,7722,42,6,6,no,"chip; ai accelerator; supply chain","https://x.com/dnystedt/status/2077551075364864206","Amazon AWS Summit Taipei 2026 shows off 3 major chips, Trainium, Inferentia, and Graviton, all big for the Taiwan supply chain, media report: -Trainium3 AI accelerator already shipping, and production keeps ramping, will hit 2.4 million this year, 3.4m next.  -Chip design","Amazon AWS Summit Taipei 2026 shows off 3 major chips, Trainium, Inferentia, and Graviton, all big for the Taiwan supply chain, media report: -Trainium3 AI accelerator already shipping, and production keeps ramping, will hit 2.4 million this year, 3.4m next.  -Chip design",no
2026-07-15T15:26:57.000+08:00,15166,78,15,5,no,"tsmc","https://x.com/dnystedt/status/2077293826507677842","TSMC 2nd quarter (Q2) conference on Thursday (7/16), media report expectations: Q2 revenue NT$1.27 trillion (already known, US$ not known) -Net profit seen up 59% to NT$632.6 billion (US$19.6B), 10th straight quarter of growth -Gross margin could exceed 68% -Operating margin seen","TSMC 2nd quarter (Q2) conference on Thursday (7/16), media report expectations: Q2 revenue NT$1.27 trillion (already known, US$ not known) -Net profit seen up 59% to NT$632.6 billion (US$19.6B), 10th straight quarter of growth -Gross margin could exceed 68% -Operating margin seen",no
2026-07-15T15:02:42.000+08:00,10459,88,15,1,yes,"semiconductor; chip; advanced packaging; packaging; fab; memory","https://x.com/dnystedt/status/2077287724403601426","SEMI raised its global semiconductor equipment sales forecasts for the next 3-years on strong AI-related demand for leading-edge logic & memory chips, and advanced packaging: 2025 final US$134.7 billion 2026 seen +23.2% year-on-year to $165.9B vs prior forecast $145B -Fab","SEMI raised its global semiconductor equipment sales forecasts for the next 3-years on strong AI-related demand for leading-edge logic & memory chips, and advanced packaging: 2025 final US$134.7 billion 2026 seen +23.2% year-on-year to $165.9B vs prior forecast $145B -Fab",no
2026-07-15T15:04:17.000+08:00,2888,3,,,no,"semiconductor","https://x.com/dnystedt/status/2077288125806887269","SEMI:  https:// semi.org/en/semi-press- release/global-semiconductor-equipment-sales-forecast-to-reach-a-record-229-billion-dollars-in-2028-semi-reports …","SEMI:  https:// semi.org/en/semi-press- release/global-semiconductor-equipment-sales-forecast-to-reach-a-record-229-billion-dollars-in-2028-semi-reports …",no
2026-07-15T10:06:44.000+08:00,53540,87,14,5,no,"samsung; qualcomm; mediatek; chip; supply chain; smartphone","https://x.com/dnystedt/status/2077213241563058449","Google has tapped MediaTek for 5G modem chips for the upcoming Pixel 11 smartphone, edging out Qualcomm and Samsung for the win, media report, citing unnamed supply chain sources and technical documents. MediaTek started selling standalone 5G modems to gain more market influence,","Google has tapped MediaTek for 5G modem chips for the upcoming Pixel 11 smartphone, edging out Qualcomm and Samsung for the win, media report, citing unnamed supply chain sources and technical documents. MediaTek started selling standalone 5G modems to gain more market influence,",no
2026-07-15T09:51:22.000+08:00,81681,228,58,22,no,"dram; tsmc; wafer; fab","https://x.com/dnystedt/status/2077209374603551075","China’s government is working with state-run Huawei and state-invested SwaySure to set up a massive DRAM complex in Shenzhen with 140,000 wafers-per-month (wpm) capacity (12-inch) to manufacture 28nm DRAM, media report, adding former TSMC fab director Steve Liu has been hired as","China’s government is working with state-run Huawei and state-invested SwaySure to set up a massive DRAM complex in Shenzhen with 140,000 wafers-per-month (wpm) capacity (12-inch) to manufacture 28nm DRAM, media report, adding former TSMC fab director Steve Liu has been hired as",no
2026-07-15T09:51:41.000+08:00,5029,5,1,2,no,"","https://x.com/dnystedt/status/2077209454668665277","Links:   https:// wealth.com.tw/articles/9eb57 54d-b0f3-45d2-bbd4-7b006d49a989 …   https:// ctee.com.tw/news/202506307 01321-430804 …   https:// hk01.com/%E6%95%B8%E7%A 2%BC%E7%94%9F%E6%B4%BB/60369838/%E8%8F%AF%E7%82%BA%E8%87%AA%E5%BB%BA%E6%99%B6%E7%89%87%E8%A3%BD%E9%80%A0%E5%BB%A0-%E8%81%AF%E6%89%8B%E6%98%87%E7%B6%AD%E6%97%AD%E6%9C%88%E7%94%A214%E8%90%AC%E7%89%87%E6%99%B6%E5%9C%93%E7%A0%B4%E4%B8%89%E5%B7%A8%E9%A0%AD%E5%A3%9F%E6%96%B7 …","Links:   https:// wealth.com.tw/articles/9eb57 54d-b0f3-45d2-bbd4-7b006d49a989 …   https:// ctee.com.tw/news/202506307 01321-430804 …   https:// hk01.com/%E6%95%B8%E7%A 2%BC%E7%94%9F%E6%B4%BB/60369838/%E8%8F%AF%E7%82%BA%E8%87%AA%E5%BB%BA%E6%99%B6%E7%89%87%E8%A3%BD%E9%80%A0%E5%BB%A0-%E8%81%AF%E6%89%8B%E6%98%87%E7%B6%AD%E6%97%AD%E6%9C%88%E7%94%A214%E8%90%AC%E7%89%87%E6%99%B6%E5%9C%93%E7%A0%B4%E4%B8%89%E5%B7%A8%E9%A0%AD%E5%A3%9F%E6%96%B7 …",no
2026-07-15T09:48:56.000+08:00,5443,26,3,1,no,"chip; memory; smartphone","https://x.com/dnystedt/status/2077208761220100485","Sales of 2nd hand smartphones have surged in Japan due to price hikes on new models, media report, noting high memory chip prices and the falling value of the Japanese yen have caused prices to surge higher than elsewhere. Sales of 2nd hand smartphones rose 12.4% year-on-year to","Sales of 2nd hand smartphones have surged in Japan due to price hikes on new models, media report, noting high memory chip prices and the falling value of the Japanese yen have caused prices to surge higher than elsewhere. Sales of 2nd hand smartphones rose 12.4% year-on-year to",no
2026-07-15T09:48:03.000+08:00,6401,39,5,2,no,"dram; wafer; chip; wafer starts","https://x.com/dnystedt/status/2077208540150968711","Powerchip (PSMC) is back in the DRAM game in a big way at 50% of 2nd quarter revenue, media report, while Q3 started off with a bang as strong demand prompted a 45% price hike for July DRAM wafer starts. -Q2 revenue +53% year-on-year to NT$17.3 billion (US$537M) -Net profit","Powerchip (PSMC) is back in the DRAM game in a big way at 50% of 2nd quarter revenue, media report, while Q3 started off with a bang as strong demand prompted a 45% price hike for July DRAM wafer starts. -Q2 revenue +53% year-on-year to NT$17.3 billion (US$537M) -Net profit",no
2026-07-15T09:48:12.000+08:00,2584,3,,,no,"","https://x.com/dnystedt/status/2077208579023761613","Links:  https:// ec.ltn.com.tw/article/breaki ngnews/5505147 …   https:// money.udn.com/money/story/57 10/9627662 …   https:// money.udn.com/money/story/57 10/9627101 …","Links:  https:// ec.ltn.com.tw/article/breaki ngnews/5505147 …   https:// money.udn.com/money/story/57 10/9627662 …   https:// money.udn.com/money/story/57 10/9627101 …",no
2026-07-14T08:53:22.000+08:00,7193,42,6,1,no,"ai server; capex; server","https://x.com/dnystedt/status/2076832389733748780","Taiwan’s Lite-On Technology will invest US$919 million in McKinney, Texas for a new manufacturing site, media report, noting it already operates a plant in Plano, Texas for Battery Backup Units (BBU) used in AI servers. Lite-On’s 2026 capex is expected to rise from NT$13 billion","Taiwan’s Lite-On Technology will invest US$919 million in McKinney, Texas for a new manufacturing site, media report, noting it already operates a plant in Plano, Texas for Battery Backup Units (BBU) used in AI servers. Lite-On’s 2026 capex is expected to rise from NT$13 billion",no
2026-07-14T08:53:37.000+08:00,3665,3,2,1,no,"","https://x.com/dnystedt/status/2076832453512376497","Lite-On:  https:// liteon.com/zh-tw/news/pre ss-center/content/liteon-mckinney-investment …  English:  https:// liteon.com/en/news/press- center/content/liteon-mckinney-investment …","Lite-On:  https:// liteon.com/zh-tw/news/pre ss-center/content/liteon-mckinney-investment …  English:  https:// liteon.com/en/news/press- center/content/liteon-mckinney-investment …",no
2026-07-14T08:51:53.000+08:00,33948,73,11,2,no,"#guc; #alchip; tsmc; mediatek; wafer; chip; supply chain; smartphone","https://x.com/dnystedt/status/2076832018130960877","MediaTek has lowered its full year smartphone shipment outlook again, media report, citing unnamed supply chain sources, who also said the amount of wafers TSMC can allocate MediaTek this year will be the key to its ASIC business.  $AVGO   $QCOM  #GUC #Alchip  https:// investor.com.tw/onlinenews/New sContent.asp?articleNo=14202607130133 …","MediaTek has lowered its full year smartphone shipment outlook again, media report, citing unnamed supply chain sources, who also said the amount of wafers TSMC can allocate MediaTek this year will be the key to its ASIC business.  $AVGO   $QCOM  #GUC #Alchip  https:// investor.com.tw/onlinenews/New sContent.asp?articleNo=14202607130133 …",no
2026-07-14T08:51:08.000+08:00,13270,88,15,1,no,"arm; semiconductor; wafer; data center","https://x.com/dnystedt/status/2076831829873795507","Prices of silicon carbide wafers (SiC) are warming up as demand picks up for power semiconductors used in AI data centers and 800V DC electric vehicles, media report, noting distributors say any client asking for additional SiC wafers must pay a premium due to tight supplies.","Prices of silicon carbide wafers (SiC) are warming up as demand picks up for power semiconductors used in AI data centers and 800V DC electric vehicles, media report, noting distributors say any client asking for additional SiC wafers must pay a premium due to tight supplies.",no
2026-07-13T13:40:28.000+08:00,18929,123,22,8,no,"tsmc; chip; ai chip","https://x.com/dnystedt/status/2076542253213089883","TSMC’s 2nd quarter revenue rose 36% year-on-year to a record high NT$1.27 trillion (US$40.07B), and at the top end of guidance of US$39.0 to $40.2B, on strong demand for AI chip production.  The prior record was NT$1.13 trillion from the 1st quarter this year.  TSMC did not","TSMC’s 2nd quarter revenue rose 36% year-on-year to a record high NT$1.27 trillion (US$40.07B), and at the top end of guidance of US$39.0 to $40.2B, on strong demand for AI chip production.  The prior record was NT$1.13 trillion from the 1st quarter this year.  TSMC did not",no
2026-07-13T13:43:48.000+08:00,5073,19,1,1,no,"tsmc","https://x.com/dnystedt/status/2076543094582079700","3/3: For the first six months of 2026, TSMC’s revenue rose 35.6% to NT$2.40 trillion.  The Taiwan Stock Exchange requires companies to file monthly revenue statements.  The above US$ figures are based on TSMC’s foreign exchange rate guidance for the 2nd quarter: US$1 = NT$31.7","3/3: For the first six months of 2026, TSMC’s revenue rose 35.6% to NT$2.40 trillion.  The Taiwan Stock Exchange requires companies to file monthly revenue statements.  The above US$ figures are based on TSMC’s foreign exchange rate guidance for the 2nd quarter: US$1 = NT$31.7",no
2026-07-13T13:59:38.000+08:00,3196,13,,,no,"","https://x.com/dnystedt/status/2076547079351189684","Note: June's 67.9% year-on-year growth was the best since January, 2015, when revenue grew 69.4%","Note: June's 67.9% year-on-year growth was the best since January, 2015, when revenue grew 69.4%",no
2026-07-13T09:24:49.000+08:00,7284,38,6,4,no,"chip; packaging","https://x.com/dnystedt/status/2076477920315600935","ASE Technology’s 2nd quarter revenue rose to a record high NT$191.06 billion (US$5.95B), up 26.7% year-on-year due to strong AI-related sales, media report. The chip packaging and testing giant reported June revenue rose 32.9% to NT$65.78 billion, its 2nd best month ever.  $ASX","ASE Technology’s 2nd quarter revenue rose to a record high NT$191.06 billion (US$5.95B), up 26.7% year-on-year due to strong AI-related sales, media report. The chip packaging and testing giant reported June revenue rose 32.9% to NT$65.78 billion, its 2nd best month ever.  $ASX",no
2026-07-13T09:23:26.000+08:00,10980,70,11,4,no,"nvidia; broadcom; chip; capex","https://x.com/dnystedt/status/2076477572033265856","Nvidia’s main chip testing partner, KYEC, plans to invest US$1.4 billion in its first plant in the United States to serve clients there, media report, raising 2026 capex to NT$94.9B (US$3.0B) from NT$50B previously, a record high for KYEC. The US plant will also serve: Broadcom,","Nvidia’s main chip testing partner, KYEC, plans to invest US$1.4 billion in its first plant in the United States to serve clients there, media report, raising 2026 capex to NT$94.9B (US$3.0B) from NT$50B previously, a record high for KYEC. The US plant will also serve: Broadcom,",no
2026-07-13T09:23:38.000+08:00,3190,1,,2,no,"","https://x.com/dnystedt/status/2076477619344937061","Links:   https:// ctee.com.tw/news/202607107 00974-430502 …   https:// news.cnyes.com/news/id/6530688   https:// udn.com/news/story/725 3/9620341 …","Links:   https:// ctee.com.tw/news/202607107 00974-430502 …   https:// news.cnyes.com/news/id/6530688   https:// udn.com/news/story/725 3/9620341 …",no
2026-07-13T08:30:52.000+08:00,12949,75,17,5,no,"tsmc; advanced packaging; packaging","https://x.com/dnystedt/status/2076464340128104694","TSMC plans to build 3 more advanced packaging plants in the Chiayi Science Park (Phase II land), raising the total there to 5, media report, citing Minister Wu Cheng-wen, head of the National Science and Technology Council.   -Equipment is now being installed at TSMC’s 1st & 2nd","TSMC plans to build 3 more advanced packaging plants in the Chiayi Science Park (Phase II land), raising the total there to 5, media report, citing Minister Wu Cheng-wen, head of the National Science and Technology Council.   -Equipment is now being installed at TSMC’s 1st & 2nd",no
2026-07-13T08:31:07.000+08:00,4305,2,2,1,no,"","https://x.com/dnystedt/status/2076464406108766317","Links:  https:// ctee.com.tw/news/202607127 00390-430502 …   https:// udn.com/news/story/724 0/9622692 …   https:// ec.ltn.com.tw/article/breaki ngnews/5502577 …","Links:  https:// ctee.com.tw/news/202607127 00390-430502 …   https:// udn.com/news/story/724 0/9622692 …   https:// ec.ltn.com.tw/article/breaki ngnews/5502577 …",no
2026-07-13T08:29:58.000+08:00,13309,132,14,5,no,"tsmc; fab; rack","https://x.com/dnystedt/status/2076464113698644414","TSMC’s 1.4nm fab is far ahead of schedule, media report:  -First 1.4nm fab seen finished by April 2027  -Pilot production to begin early in the 3rd quarter, 2027  -Mass production is on track for mid-2028.   -Construction remains ongoing at the 1.4nm fab in the Central Taiwan","TSMC’s 1.4nm fab is far ahead of schedule, media report:  -First 1.4nm fab seen finished by April 2027  -Pilot production to begin early in the 3rd quarter, 2027  -Mass production is on track for mid-2028.   -Construction remains ongoing at the 1.4nm fab in the Central Taiwan",no
2026-07-13T07:55:39.000+08:00,9075,58,8,2,no,"tsmc; chip","https://x.com/dnystedt/status/2076455477115081027","TSMC plans to hike prices on mature-process chip manufacturing by a single-digit percent in the 4th quarter, media report, citing multiple unnamed chip design houses, with new pricing to take effect in January. Price hikes will vary by customer. Media surmise the AI boom is","TSMC plans to hike prices on mature-process chip manufacturing by a single-digit percent in the 4th quarter, media report, citing multiple unnamed chip design houses, with new pricing to take effect in January. Price hikes will vary by customer. Media surmise the AI boom is",no
2026-07-13T07:55:09.000+08:00,9050,62,10,3,no,"tsmc; apple; mediatek; chip; smartphone","https://x.com/dnystedt/status/2076455353521426489","Google plans to unveil its new Pixel 11-series smartphones on August 12, equipped with its self-developed Tensor G6 chip manufactured by TSMC on 2nm, media report, noting 3 other major TSMC 2nm projects in smarpthones to be released in September or Q4: -Apple A20 -MediaTek","Google plans to unveil its new Pixel 11-series smartphones on August 12, equipped with its self-developed Tensor G6 chip manufactured by TSMC on 2nm, media report, noting 3 other major TSMC 2nm projects in smarpthones to be released in September or Q4: -Apple A20 -MediaTek",no
2026-07-13T07:25:37.000+08:00,7298,55,3,5,no,"wafer; fab; capex","https://x.com/dnystedt/status/2076447921709682923","Nanya Technology plans to spend NT$200 billion (US$6.2 billion) on 2027 capex, up from this year’s NT$50B+, media report. Nanya is aiming for 30,000 wafers per month (wpm) capacity by 2028 at its new fab, which will ultimately reach 45Kwpm. Around NT$100B has already been spent","Nanya Technology plans to spend NT$200 billion (US$6.2 billion) on 2027 capex, up from this year’s NT$50B+, media report. Nanya is aiming for 30,000 wafers per month (wpm) capacity by 2028 at its new fab, which will ultimately reach 45Kwpm. Around NT$100B has already been spent",no
2026-07-13T07:24:36.000+08:00,13525,92,13,4,no,"tsmc; qualcomm; mediatek; broadcom; arm; chip; cpu","https://x.com/dnystedt/status/2076447663013449778","Meta’s chip push explodes with help from TSMC, MediaTek, Qualcomm, Arm, Broadcom, DigiTimes reports: -Meta also working with Qualcomm, MediaTek on new ASIC projects -Will use Qualcomm CPUs, working with Arm on CPU project -Broadcom readied ‘Iris’ chip in just 6-months (testing,","Meta’s chip push explodes with help from TSMC, MediaTek, Qualcomm, Arm, Broadcom, DigiTimes reports: -Meta also working with Qualcomm, MediaTek on new ASIC projects -Will use Qualcomm CPUs, working with Arm on CPU project -Broadcom readied ‘Iris’ chip in just 6-months (testing,",no
2026-07-10T09:39:41.000+08:00,12513,85,14,4,no,"chip; ai chip","https://x.com/dnystedt/status/2075394497262043310","Meta will have an AI chip codenamed ‘Iris’ in production from September as part of a plan to double compute to 14GW next year, after it deploys 7GW this year, Reuters reports: -Iris is part of a 4-generation MTIA project from its inhouse design team.  -The AI processors are aimed","Meta will have an AI chip codenamed ‘Iris’ in production from September as part of a plan to double compute to 14GW next year, after it deploys 7GW this year, Reuters reports: -Iris is part of a 4-generation MTIA project from its inhouse design team.  -The AI processors are aimed",no
2026-07-10T09:02:01.000+08:00,8898,60,13,1,no,"dram; semiconductor; chip","https://x.com/dnystedt/status/2075385017870774306","Taiwan’s semiconductor exports in June rose 33.4% year-on-year to US$24.11 billion, raising 2nd quarter chip exports to $71.15B, up 43.7%, media report.  -Chip exports for the 1st half of 2026 +43.9% to $133.17B, of that, DRAM chip exports +158.5% to $18.55B    Overall exports in","Taiwan’s semiconductor exports in June rose 33.4% year-on-year to US$24.11 billion, raising 2nd quarter chip exports to $71.15B, up 43.7%, media report.  -Chip exports for the 1st half of 2026 +43.9% to $133.17B, of that, DRAM chip exports +158.5% to $18.55B    Overall exports in",no
2026-07-10T09:02:14.000+08:00,3943,2,,,no,"","https://x.com/dnystedt/status/2075385072233091354","Taiwan MOF:  https:// mof.gov.tw/singlehtml/384 fb3077bb349ea973e7fc6f13b6974?cntId=a0a8dbcfade64445b6be48c2b8ca8c5f …","Taiwan MOF:  https:// mof.gov.tw/singlehtml/384 fb3077bb349ea973e7fc6f13b6974?cntId=a0a8dbcfade64445b6be48c2b8ca8c5f …",no
2026-07-10T08:27:24.000+08:00,5226,21,3,1,yes,"image","https://x.com/dnystedt/status/2075376303545717214","Typhoon Bavi approaches Taiwan, possibly the biggest to hit in 40 years, media say. Taipei, several other cities and counties have already cancelled work/school.","Typhoon Bavi approaches Taiwan, possibly the biggest to hit in 40 years, media say. Taipei, several other cities and counties have already cancelled work/school.",no
2026-07-10T08:21:44.000+08:00,16938,104,31,5,no,"tsmc; wafer; chip; cowos; packaging; ai chip; supply chain; shortage","https://x.com/dnystedt/status/2075374878644146511","Rumor: TSMC’s 2027 CoWoS packaging capacity will hit at least 200,000 wafers per month (wpm) – a conservative estimate – as the key packaging for AI chips remains in severe shortage, media report, citing unnamed supply chain sources. Nearly all of TSMC’s plant construction","Rumor: TSMC’s 2027 CoWoS packaging capacity will hit at least 200,000 wafers per month (wpm) – a conservative estimate – as the key packaging for AI chips remains in severe shortage, media report, citing unnamed supply chain sources. Nearly all of TSMC’s plant construction",no
2026-07-09T09:27:21.000+08:00,9663,69,14,4,no,"ai server; server","https://x.com/dnystedt/status/2075029002440646832","Taiwan AI server giant Wistron hit a historic 2nd quarter (Q2) revenue high of NT$895.4 billion (US$27.9B), up 62.4% year-on-year, fueled by a strong June of NT$321.8B, +53.9%, media report, adding Wistron confirmed AI server shipments will rise quarter-by-quarter through","Taiwan AI server giant Wistron hit a historic 2nd quarter (Q2) revenue high of NT$895.4 billion (US$27.9B), up 62.4% year-on-year, fueled by a strong June of NT$321.8B, +53.9%, media report, adding Wistron confirmed AI server shipments will rise quarter-by-quarter through",no
2026-07-09T09:27:37.000+08:00,3727,2,,,no,"","https://x.com/dnystedt/status/2075029072921632865","Links:  https:// money.udn.com/money/story/56 12/9616124?from=edn_maintab_index …   https:// ctee.com.tw/news/202607077 00762-430502 …   https:// wistron.com/en/Investors/F inancials/MonthlyRevenue …","Links:  https:// money.udn.com/money/story/56 12/9616124?from=edn_maintab_index …   https:// ctee.com.tw/news/202607077 00762-430502 …   https:// wistron.com/en/Investors/F inancials/MonthlyRevenue …",no
2026-07-09T08:55:57.000+08:00,11380,95,10,5,no,"tsmc; nvidia; backside power; cpu","https://x.com/dnystedt/status/2075021104452878363","Nvidia’s next-gen ""Rosa"" CPU might adopt TSMC’s A16 (1.6nm) process, media report: While Rosa is expected to be built on TSMC’s 2nm family, it could jump straight to A16 to leverage Super Power Rail—a breakthrough backside power delivery technology that allows more transistor","Nvidia’s next-gen ""Rosa"" CPU might adopt TSMC’s A16 (1.6nm) process, media report: While Rosa is expected to be built on TSMC’s 2nm family, it could jump straight to A16 to leverage Super Power Rail—a breakthrough backside power delivery technology that allows more transistor",no
2026-07-09T08:56:47.000+08:00,3428,13,,3,no,"wafer","https://x.com/dnystedt/status/2075021313140498520","Gemini describes how flat: “If a 2nm-ready silicon wafer were magnified to the size of the entire continental United States, the tallest ""mountain"" or deepest ""valley"" anywhere on its surface would be less than 2 inches tall.”","Gemini describes how flat: “If a 2nm-ready silicon wafer were magnified to the size of the entire continental United States, the tallest ""mountain"" or deepest ""valley"" anywhere on its surface would be less than 2 inches tall.”",no
2026-07-09T08:18:32.000+08:00,24289,70,7,7,no,"chip","https://x.com/dnystedt/status/2075011687581950385","""The new agreement, expected to exceed $30 billion, will lead to the production of more than 15 billion U.S.-made chips and support hundreds of American jobs.""","""The new agreement, expected to exceed $30 billion, will lead to the production of more than 15 billion U.S.-made chips and support hundreds of American jobs.""",no
2026-07-09T08:19:14.000+08:00,2831,4,,2,no,"apple","https://x.com/dnystedt/status/2075011864233443552","Quote from Apple:","Quote from Apple:",no
2026-07-08T08:56:01.000+08:00,22786,75,7,1,no,"chip","https://x.com/dnystedt/status/2074658730784997836","Rumor: Delta Electronics and China’s Megmeet have both raised prices of power supply products again due to higher costs of components & materials, media report: -Delta hiking prices 5%-20% -Megmeet hiking 10%-20%  Prices of a range of components, power chips, MOSFETs, copper,","Rumor: Delta Electronics and China’s Megmeet have both raised prices of power supply products again due to higher costs of components & materials, media report: -Delta hiking prices 5%-20% -Megmeet hiking 10%-20%  Prices of a range of components, power chips, MOSFETs, copper,",no
2026-07-08T08:54:38.000+08:00,17480,113,23,10,no,"tsmc; wafer; chip; tpu","https://x.com/dnystedt/status/2074658382599110872","TSMC production of Photonic Integrated Circuits (PIC), the key light chip in co-packaged optics (CPO), is ramping hard. Media reports note monthly capacity is climbing to 10,000 wafers-per-month (wpm) as of Q2, up from 500wpm earlier—boosting annualized PIC output to 78 million","TSMC production of Photonic Integrated Circuits (PIC), the key light chip in co-packaged optics (CPO), is ramping hard. Media reports note monthly capacity is climbing to 10,000 wafers-per-month (wpm) as of Q2, up from 500wpm earlier—boosting annualized PIC output to 78 million",no
2026-07-08T08:50:11.000+08:00,14513,126,15,5,no,"nvidia; csp; server","https://x.com/dnystedt/status/2074657262321443218","Nvidia Vera Rubin-based servers will enter mass production this quarter at Quanta, and are expected to lift the Taiwan giant’s full-year revenue to triple-digit-growth (100%+) year-on-year, media report, adding Quanta said visibility from top Cloud Service Providers (CSPs)","Nvidia Vera Rubin-based servers will enter mass production this quarter at Quanta, and are expected to lift the Taiwan giant’s full-year revenue to triple-digit-growth (100%+) year-on-year, media report, adding Quanta said visibility from top Cloud Service Providers (CSPs)",no
2026-07-08T08:50:33.000+08:00,5015,,,1,no,"","https://x.com/dnystedt/status/2074657356487749739","Links:  https:// money.udn.com/money/story/11 162/9613542?from=edn_subcatelist_cate …   https:// money.udn.com/money/story/11 162/9613563?from=edn_subcatelist_cate …   https:// ctee.com.tw/news/202607087 00080-430502 …","Links:  https:// money.udn.com/money/story/11 162/9613542?from=edn_subcatelist_cate …   https:// money.udn.com/money/story/11 162/9613563?from=edn_subcatelist_cate …   https:// ctee.com.tw/news/202607087 00080-430502 …",no
2026-07-07T10:06:35.000+08:00,11966,75,9,3,no,"tsmc; samsung; foundry; chip","https://x.com/dnystedt/status/2074314103267688523","TSMC Challenger? Samsung Foundry’s order backlog has reportedly risen to ₩50 trillion won (US$32.7B) after securing chip orders from Tesla last year and more recently, interest from Meta and Anthropic, media report. Meta is said to seek Samsung’s 2nm process for Meta MTIA AI","TSMC Challenger? Samsung Foundry’s order backlog has reportedly risen to ₩50 trillion won (US$32.7B) after securing chip orders from Tesla last year and more recently, interest from Meta and Anthropic, media report. Meta is said to seek Samsung’s 2nm process for Meta MTIA AI",no
2026-07-07T10:06:49.000+08:00,3639,5,,,no,"samsung; foundry; chip","https://x.com/dnystedt/status/2074314159710437629","Links:   https:// news.cnyes.com/news/id/6522419   https:// theinformation.com/articles/anthr opic-talks-samsung-manufacture-custom-ai-chip …   https:// en.sedaily.com/finance/2026/0 7/03/samsung-foundry-emerges-as-ai-chip-powerhouse-wooing …","Links:   https:// news.cnyes.com/news/id/6522419   https:// theinformation.com/articles/anthr opic-talks-samsung-manufacture-custom-ai-chip …   https:// en.sedaily.com/finance/2026/0 7/03/samsung-foundry-emerges-as-ai-chip-powerhouse-wooing …",no
2026-07-07T10:05:56.000+08:00,7156,40,9,2,no,"memory; storage","https://x.com/dnystedt/status/2074313937529827332","Lenovo, the world’s biggest PC vendor, is now shipping laptops to the US equipped with storage drives (Solid State Drives) from Yangtze Memory Technology (YMTC), media report, marking the entry of China-brand memory to the global PC market.","Lenovo, the world’s biggest PC vendor, is now shipping laptops to the US equipped with storage drives (Solid State Drives) from Yangtze Memory Technology (YMTC), media report, marking the entry of China-brand memory to the global PC market.",no
2026-07-07T10:05:02.000+08:00,6740,32,3,1,no,"foundry; chip","https://x.com/dnystedt/status/2074313713281294830","UMC reported its best sales in 15 quarters amid rising demand for chips made on mature production lines, media report. Taiwan’s 2nd biggest chip foundry saw 2nd quarter sales rise 17.0% year-on-year to NT$68.73 billion, best since the 3rd quarter of 2022. June sales rose 22.9% to","UMC reported its best sales in 15 quarters amid rising demand for chips made on mature production lines, media report. Taiwan’s 2nd biggest chip foundry saw 2nd quarter sales rise 17.0% year-on-year to NT$68.73 billion, best since the 3rd quarter of 2022. June sales rose 22.9% to",no
2026-07-07T10:05:25.000+08:00,3418,2,,,no,"","https://x.com/dnystedt/status/2074313808869527742","UMC:  https:// umc.com/en/IR_Financia l/monthly_sales_revenue …","UMC:  https:// umc.com/en/IR_Financia l/monthly_sales_revenue …",no
2026-07-07T10:04:47.000+08:00,6199,33,3,1,no,"fab","https://x.com/dnystedt/status/2074313647762059444","Rumor: China CCL giant Kingboard notified clients it plans to hike prices 15% on FR-4 and Prepreg, and on CEM-1/22F 10%, due to the rising cost of materials like E-glass fabric and copper foil, while copper foil processing fees will also rise, media report. Prepeg is a bonding","Rumor: China CCL giant Kingboard notified clients it plans to hike prices 15% on FR-4 and Prepreg, and on CEM-1/22F 10%, due to the rising cost of materials like E-glass fabric and copper foil, while copper foil processing fees will also rise, media report. Prepeg is a bonding",no
2026-07-07T08:13:53.000+08:00,19063,41,6,2,no,"","https://x.com/dnystedt/status/2074285738636812691","""If you build it, they will come.""","""If you build it, they will come.""",no
2026-07-07T08:10:53.000+08:00,15048,51,5,4,no,"apple; broadcom","https://x.com/dnystedt/status/2074284985859854675","Filing: Broadcom and Apple ""have agreed to expand their long-standing technology collaboration through 2031... for Broadcom to develop and supply a range of custom ASIC silicon products for use in multiple generations of Apple products.""","Filing: Broadcom and Apple ""have agreed to expand their long-standing technology collaboration through 2031... for Broadcom to develop and supply a range of custom ASIC silicon products for use in multiple generations of Apple products.""",no
2026-07-07T08:11:03.000+08:00,2969,,,,no,"","https://x.com/dnystedt/status/2074285026678886508","Link:  https:// sec.gov/ix?doc=/Archiv es/edgar/data/1730168/000119312526295589/d84378d8k.htm …","Link:  https:// sec.gov/ix?doc=/Archiv es/edgar/data/1730168/000119312526295589/d84378d8k.htm …",no
2026-07-06T06:18:14.000+08:00,68348,216,36,5,no,"tsmc; nvidia; amd; apple; foundry; chip","https://x.com/dnystedt/status/2073894247212912674","TSMC is expected to raise its full-year revenue outlook to near 40% growth (in US$), up from “over-30%” now, when it reports 2nd quarter earnings on July 16, media report, adding the chip foundry giant continues to see strong orders from clients, including, Nvidia, AMD, Apple","TSMC is expected to raise its full-year revenue outlook to near 40% growth (in US$), up from “over-30%” now, when it reports 2nd quarter earnings on July 16, media report, adding the chip foundry giant continues to see strong orders from clients, including, Nvidia, AMD, Apple",no
2026-07-06T07:07:21.000+08:00,4899,19,1,1,no,"tsmc; rack","https://x.com/dnystedt/status/2073906609026421247","Note: The 40% figure ... if TSMC's revenue were tracking that well, it would have raised quarterly guidance. Other papers say TSMC is expected to raise to 34%-36%, which would be great.","Note: The 40% figure ... if TSMC's revenue were tracking that well, it would have raised quarterly guidance. Other papers say TSMC is expected to raise to 34%-36%, which would be great.",no
2026-07-06T06:35:54.000+08:00,15606,139,25,3,no,"chip; server; supply chain","https://x.com/dnystedt/status/2073898694299332813","Amazon AWS has raised its ASIC server shipment forecast 20%-30% for the 3rd quarter - versus its original plans - signaling optimism for its Trainium3 chips, media report, citing unnamed supply chain sources, who are looking to see if AWS accelerates the launch of Trainium4 due","Amazon AWS has raised its ASIC server shipment forecast 20%-30% for the 3rd quarter - versus its original plans - signaling optimism for its Trainium3 chips, media report, citing unnamed supply chain sources, who are looking to see if AWS accelerates the launch of Trainium4 due",no
2026-07-06T06:19:21.000+08:00,9300,72,11,2,no,"ai server; server","https://x.com/dnystedt/status/2073894530257166597","Foxconn’s 2nd quarter revenue soared 39.8% year-on-year to NT$2.51 trillion (US$78.69 billion) due to strong global demand for AI servers and networking products, media report.  In the 3rd quarter, Foxconn expects momentum to continue to grow versus Q2 and year-on-year, as “…AI","Foxconn’s 2nd quarter revenue soared 39.8% year-on-year to NT$2.51 trillion (US$78.69 billion) due to strong global demand for AI servers and networking products, media report.  In the 3rd quarter, Foxconn expects momentum to continue to grow versus Q2 and year-on-year, as “…AI",no
2026-07-06T06:19:40.000+08:00,3959,3,1,1,no,"","https://x.com/dnystedt/status/2073894608552247629","Links:   https:// money.udn.com/money/story/57 10/9608143?from=edn_hottest_index …   https:// ctee.com.tw/news/202607057 00471-430502 …   https:// ec.ltn.com.tw/article/breaki ngnews/5494571 …  Foxconn:  https:// honhai.com/en-us/press-ce nter/press-releases/latest-news/2077 …","Links:   https:// money.udn.com/money/story/57 10/9608143?from=edn_hottest_index …   https:// ctee.com.tw/news/202607057 00471-430502 …   https:// ec.ltn.com.tw/article/breaki ngnews/5494571 …  Foxconn:  https:// honhai.com/en-us/press-ce nter/press-releases/latest-news/2077 …",no
2026-07-03T15:13:21.000+08:00,14244,30,1,,yes,"chip; ai chip","https://x.com/dnystedt/status/2072941751535632547","Great read about AI chip startup  @Etched  and their approach. Link to podcast as well.","Great read about AI chip startup  @Etched  and their approach. Link to podcast as well.",no
2026-07-02T08:18:47.000+08:00,8457,34,4,2,no,"ai server; server","https://x.com/dnystedt/status/2072475034762039729","Wiwynn, the AI server giant, is speeding up construction at its El Paso, Texas plant (USA) and has acquired land in Malaysia for a 3rd factory there, media report, adding new production lines are being installed at the 1st & 2nd plants (both in volume production since 2024, 2025,","Wiwynn, the AI server giant, is speeding up construction at its El Paso, Texas plant (USA) and has acquired land in Malaysia for a 3rd factory there, media report, adding new production lines are being installed at the 1st & 2nd plants (both in volume production since 2024, 2025,",no
2026-07-02T08:18:59.000+08:00,3854,1,,,no,"","https://x.com/dnystedt/status/2072475084003090918","Links:  https:// ctee.com.tw/news/202607027 00240-439901 …   https:// money.udn.com/money/story/11 162/9595502 …   https:// news.cnyes.com/news/id/6518624","Links:  https:// ctee.com.tw/news/202607027 00240-439901 …   https:// money.udn.com/money/story/11 162/9595502 …   https:// news.cnyes.com/news/id/6518624",no
