scrapedAt,page,postUrl,timestampText,exactDate,reactions,reactionsBreakdown,comments,shares,text
2026-08-12T08:50:25.159167+00:00,TrendForce.tw,https://www.facebook.com/TrendForce.tw/posts/pfbid02y2vi9ACegYPTWPKw5qVGUCWxNo7VEpu3tWykkVDcTTYaaQUuqfJwjHNAZgnNico6l?__tn__=%2CO,,2022年3月2日 星期三下午4:11,0,,,,"【集邦聲明】針對近期冒名從事投資顧問等服務，與假冒本公司名義進行人力招募事件，
#TrendForce
 籲勿輕信以免上當受騙。"
2026-08-12T08:50:25.159167+00:00,TrendForce.tw,https://www.facebook.com/TrendForce.tw/posts/pfbid02f4JEWHkHY6DKUpWdjyrFR4JT3Hz5UvvPvZ9VHqHc28SAVqhJrqJ2TtwGc3EZu4Njl?comment_id=2308255239963294,1小時,2022年3月2日 星期三下午4:11,0,,,,"【512Gb TLC Wafer現貨價漲近5%，惟NAND交易量能仍清淡】
……
 
查看更多"
2026-08-12T08:50:25.159167+00:00,TrendForce.tw,https://www.facebook.com/TrendForce.tw/posts/pfbid037etccyNtm2nnx4Yyvdwp85tKkL5F5DfuwUssNGfgXnWdRjtPt2sGnuUBfCN7NupHl?comment_id=2545821239219118,1小時,2026年8月12日 星期三下午2:30,0,,,,"【DRAM現貨買氣疲弱、價格缺共識；DDR4主流晶片上漲0.93%】…… 
查看更多"
2026-08-12T08:50:25.159167+00:00,TrendForce.tw,https://www.facebook.com/TrendForce.tw/posts/pfbid04MSt4uVCMNQ5m5bRg9JotqJhnvNSyMT8zKLsBGgxhZ7UGXtGSJ2TVJ39AsfZW5Adl?__cft__[0]=AZYmWYnNUpK_DcNG_NWF6QZPl2GK0JBbTdbix8jGMXNj8P2iAXu9HDX8l6A1uyDRJ6_URFCQYKg0JR6bh5zsdoM5Uj-OznhjHWRnCJnSVxjJjbKfixbRjW75TCb9KCw9DjLXoXsFaLrAHDEceqQj3J1-Hp9b4Mjv64RgtW2NYBW7s3GgGKvZfKdA_PL5PzUYs84,,2026年8月12日 星期三下午2:30,0,,,,"#Starlink
 V3 衛星邁入規模部署，極低延遲寬頻與手機直連服務加速落地。星艦運載成本降至數百萬美元，將如何改寫衛星產業供應鏈布局？TrendForce 分析 全球衛星火箭發射市場規模將持續擴大：
https://www.trendforce.com.tw/....../20260811-13173.html"
2026-08-12T08:50:25.159167+00:00,TrendForce.tw,https://www.facebook.com/TrendForce.tw/posts/pfbid0yXkzftMKCm395cDJ4VJv6JTQdLnaNd9zu81dsBTG9EGsRbMYssRfPfGCdC6esiD6l?__cft__[0]=AZZCmlGLgmXJiwAfVr1DA0nCF8JiveLmJhNwBdrGUPJCspwo3qAks7ZZyvn4IucY0HGks2q-mwFvua-47VnckPYhra6NS4XhcKHsYP0PBkKmg7DSjxClYI7ulXhpK1hGHp1r7BSMXp-pv-5DSaP0xCN8sGrjYzSIqnzLHf3oxv6To-NsI1SKq5muxJ3qo1KKy_k,,2026年8月11日 星期二下午5:51,0,,,,"記憶體漲價衝擊 iPhone 18 Pro 成本！256GB 機型 BOM cost 預估年增約 38%，記憶體成本占比更將在 2027 年上半年突破 40%。
 
#TrendForce
 解析 Apple 與 Android 陣營在毛利與售價間策略：
https://buff.ly/eWWHqsQ"
2026-08-12T08:50:25.159167+00:00,TrendForce.tw,https://www.facebook.com/reel/1610145537493031/?__cft__[0]=AZb5lhxcZGyPMesB4tPVuU9-ODuCzptDujajlCpZBbM1lJiiAOehTtPSrke2gSaiOtH_pv4okaU_KH3gKWIrx0GQJAAIKy-bIZql8PNoTCWMZgPtFE5gT_pQsPaustfo9T7Ft-zKyVSDG5Cvz9lnf7J6dqinrrBl9rtECFuTS4CXtgTuKMrrLcIMgouNUZ3qytkcyama0sBqm8JScgB0FgU9,,2026年8月9日 星期日下午3:00,0,,,,"三星發表最新AI記憶體藍圖，zHBM、400層NAND新技術曝光。
 新聞來源：
https://buff.ly/PWiIP8p"
2026-08-12T08:50:25.159167+00:00,TrendForce.tw,https://www.facebook.com/reel/1053852843958450/?__cft__[0]=AZZs-WLGY2qud9ESvvxtSzCRARZf3UkYEZndUk--HQsDi4UQs4a0xEQzV1kyrjzNbMb1zLHEYh2Lh0KkWjqrW0ZCXQjTi0LtwDHuF7D0aNtRbGEAKyJip0w731LtKwqQlO_hJmeclPTeka5jiu-VjsGHMDPZ2AoWXD_EAoLd_m98qQUNYtDI4X0FF0aMviUoxkV4mLgWPIUe4N7gfINkg7F-,,2026年8月9日 星期日下午3:00,0,,,,"SanDisk 與 SK 海力士發布面向 AI 系統的 HBF 規範。
 新聞來源：
https://buff.ly/PcG8YG4"
2026-08-12T08:50:25.159167+00:00,TrendForce.tw,https://www.facebook.com/TrendForce.tw/posts/pfbid02WJgxfXNvKHkqsSSa7CHk2HFjb7kumVw5hYqnJ2ji6izyFhB9jMZXZHkePC7qesTnl?__cft__[0]=AZZuzGvjNVXvCClxU8fZpTzmV2tT3rkyfbNMVbEgBO12P9aii-R0gSP2EIq8KrARjvYLbJtzReGO5G7J1ICqYYh2g634IHNVcnKK3YVOgDiFAch-IfkrCxlt2tBrLJS4mJKauWqpR328-mjxKL1xcDuImwDAQsAhaeBvX0qqxD4sJJb23qOaiQyDs0QFIGtppyk,,2026年8月8日 星期六下午3:00,0,,,,"「T-bill and chill」把長債壓力往後推，若 2027 財年真的需要增發附息國債，供給可能集中釋出，市場接得住嗎？
 
https://buff.ly/At8hY5Z
…… 
查看更多"
2026-08-12T08:50:25.159167+00:00,TrendForce.tw,https://www.facebook.com/TrendForce.tw/posts/pfbid0bjm86D3nFj73AuV4o1GpUbrSv6XUg7ArpwKZBhUwQF8PadcqWJK5HHAbFWn4gqy5l?__cft__[0]=AZY6mA6p6kLoearoMjfj-QVA60fsl3Zcy8Wk2h-q7lrPxB_HPJWI8o9f_5tWefE90yjj518hBzVLa1tMZuMiWphe4XCrFoAzVViLQ_LOmTL7mN-8GfQEvVZ-P9Cd_-qCW7wEOs3pw5NfUGhiQRE_l7pffF-M6gjQ4IqNnzlhe_UE4EGZgjOXbVwKl_IDBgDiBUo,,2026年8月6日 星期四下午7:00,0,,,,"巴西利息支出近占 GDP 九成名目赤字，即使央行持續降息，初級收支若不收斂，高債務循環仍難鬆動
 
https://datatrack.trendforce.com.tw/....../brazils......
…… 
查看更多"
2026-08-12T08:50:25.159167+00:00,TrendForce.tw,https://www.facebook.com/TrendForce.tw/posts/pfbid0tKaJT6zvQTr53WJpxePAw1QutdUUBBreUK5NDmkJymBCDHXnkL3EiHwDRJmGvcWfl?__cft__[0]=AZZmidW3jRh6stKnQXIsngf_KMFkT_egAUBCLzCswxq9XumcWCBTW7wT9SY1ExuJUswHYUC1-Ln6Mwuawq0Yjv24g68ds8L41sIav_0Yl6SkF-Ng3zMnaGv5I_vibekjhzmZg4UNzG53VRMasZqO3xxva_jAJNAilWEWOSORogkAgkC7lVe8zs_rnEuszX99FGQ,,2026年8月6日 星期四下午7:00,0,,,,"晶片出口撐起南韓升息空間，卻也把房價、家庭槓桿一起推高，核心通膨仍在升，利率還會再升嗎？
 
https://buff.ly/hEtJp5h
…… 
查看更多"
2026-08-12T08:50:25.159167+00:00,TrendForce.tw,https://www.facebook.com/TrendForce.tw/posts/pfbid02R3LaLs94bNwPCL3VUr3fPDDAa3jHvatGss3fUmriDkU9utBHxr9QveXYkEZqPSqyl?__cft__[0]=AZbwoCCHrfJKB0nPVAP4z2NyUqStPmMmjeM6XTY1peEhuG0SzYCIdQRjl-I6k5GvydoNsv8T9MVu1tvm0skzqRSbXh6Le1l3v8tyayOlCBwKDq1x0x4ziRoLT7LsE7esjRC1vSB2swAhgOd1la9oVvSP1eaOoSRUub2-dkM9u3rLL0JmkeVMNwlhJIlENUfsxd6qgO_HqGZt1VaQV1cohh9N,,2026年8月6日 星期四下午5:03,0,,,,"美國 8.74 億美元晶片法案新資金，不再建晶圓廠，轉攻 AI 運算供應鏈關鍵技術，深入了解
 
https://img.trendforce.com/....../20260805_USA_U.S......
…… 
查看更多"
2026-08-12T08:50:25.159167+00:00,TrendForce.tw,,,,0,,,,"新加坡製造業靠 AI 半導體交出強勁季報，整體 GDP 照漲，薪資增速卻悄悄降溫，了解詳情
 
https://datatrack.trendforce.com.tw/....../ai-related......
…… 
查看更多"
2026-08-12T08:50:25.159167+00:00,TrendForce.tw,https://www.facebook.com/TrendForce.tw/posts/pfbid0f7MehBn8xpuqU9rRnzGUTSPi4cwt6JVF9jNrJJLJ7ajeRubnTyz48wM1cLhHnVtTl?__cft__[0]=AZYH5GxR6M55Sc43lszTbP663z5RSBSk_TLhx3HcNyKUxFnna3gkMZwoYSTEOJ6m_5iriR7PBy6rBYA69zYkXDdPHQTj_wlHdSjl3xttOheLHQtP8sNwVpWYkPar0Kne-pbx3AtgOKUz3_wFX9E8Y8d_3MG3VPLSPmHctvXy2u5pAr3lNSs2w0DkSMjWFXJdQpo,,2026年8月5日 星期三下午4:55,0,,,,"美國 FCC 擬管制中國製光收發模組，但 AI 資料中心短期仍難與中國供應鏈脫鉤！磷化銦雷射、封裝測試產能高度仰賴中國，禁令若快速上路恐引發全球缺貨。
 
#TrendForce
 分析政策變數與供應鏈風險：
https://buff.ly/ZvDRwvb"
2026-08-12T08:50:25.159167+00:00,TrendForce.tw,https://www.facebook.com/TrendForce.tw/posts/pfbid0uEKiLzY4ot3Yn1rz1BJiXDGNAgKY6ABezqrqc74W6H2zSBhBMsLSETRs3kXrtFNGl?__cft__[0]=AZYu5vOQV0pE33YPV4r9KKA_zrvTE40r3itRfP0hXm2eeDBGSRiqT3LYD0-T1npWw2rxZPrmrY_s274woTB24-w728PdPsNlYih-1-ou1Tb2QaUGBROO-tcnKu6doO5W8sAm5RgCySi3BNNDDyBDbIPiwVIWBNMmc_yBQXjzpPNNjzLby-AnIOqVg3h2qFnlEWw,,2026年8月5日 星期三下午4:55,0,,,,"【512Gb TLC Wafer上漲4.55%，惟NAND反彈仍缺乏買盤支撐】…… 
查看更多"
2026-08-12T08:50:25.159167+00:00,TrendForce.tw,https://www.facebook.com/TrendForce.tw/posts/pfbid0UXbYmRoqNFUYVK57Rdg1rG74ocidJB3AdH6uVr4Gi7kp9TMhJyx5Gi9EEnQsRrtvl?__cft__[0]=AZY-hZqfQRM6eLIvclNAyOBzxVNI0XSJ-swbckfgvsDsFtBo4AXVDGvjzKZvfV_9hrLSrEUTL8a-HON89B-5n9S7VtmzmlA-OdkTF_Dc7cgtJ4SZvfsqbvKl9zYFwhQjCnM4JTtM06vjt8WASZK1utggbplHXWl_0RakhJNK_0kqefaujQTKXp4OTVfqKkSzG6g,,2026年8月5日 星期三下午3:30,0,,,,"【DRAM現貨漲勢放緩，DDR4、DDR3顆粒價維持小漲】…… 
查看更多"
2026-08-12T08:50:25.159167+00:00,TrendForce.tw,https://www.facebook.com/TrendForce.tw/posts/pfbid02cyBbYJ788sQQ8VZecvMJpf7rDANjxycuJu3XxiL64D1iNQT1UnzotQUYx2j789YUl?__cft__[0]=AZbtFNZ_nIHfvx2E9kBKXsr-ijPf8uKjWBl3zcfvStQMlSrI32_QpvGqhwVGG5SnWAzEtww05eQh91peOMSDo_Gf2hFDBB24UA-y24bNjZ8dMftq52zabSw4_Lf5m9i-CEQ_y92AjVA-rZqqBFLJ1-wMW35uZ7EvEEIfaHpU7lsgoXFcuf2MOd7KHjeDd2Qd5iU,,2026年8月5日 星期三下午3:30,0,,,,"美國 Q2 GDP 增速放緩、歐元區走出停滯，各自的隱憂不同，了解詳情
 
https://buff.ly/ZEFebmY
…… 
查看更多"
2026-08-12T08:50:25.159167+00:00,TrendForce.tw,https://www.facebook.com/TrendForce.tw/posts/pfbid02FhyzM1H8pz8iNCjppD7NwFPtXeUEXzw8aQwsn78Cq65k1y927MpgEBSnPB7ctEcBl?comment_id=1060752433484385,1週,2026年8月5日 星期三下午2:00,0,,,,"煉油廠停工衝擊俄羅斯國內供應，歐洲柴油裂解價差衝上近四年新高，缺油危機何時才能緩解？
 
https://buff.ly/Pzw1nwU
#
…… 
查看更多"
2026-08-12T08:50:25.159167+00:00,TrendForce.tw,https://www.facebook.com/TrendForce.tw/posts/pfbid02yqEQT6D6JwqMMJJubHL54UicfyfU527aVfewGSfJ49Ao1kCpc2SqdLFygNrqiQyXl?__cft__[0]=AZbDK_4-ba5M5rP8LZV6-uOzxMzkY7_KCXfjhdl_yqgTK1txt3BtheNEVeg4Thmi9seaHDMIQ0Mjx4h-iwi6wYAgYR4HzpAkN5LupmIlfakl2QthtKvqVXsh1T70qmh7YYd2wJnUkR26wNl6vqK2k8S67m3XRAbXBlKMDmIAfkJwiGxg8mC6dGTwZt9Yow1Pg7k,,2026年8月4日 星期二下午4:12,0,,,,"NVIDIA下一代晶片規格有變？受 DRAM 供不應求影響，Rubin Ultra 的 HBM 配置尚未定案，正並行評估多項設計，CSP 大廠也考慮調降容量。
#TrendForce
  解析記憶體短缺如何牽動晶片設計：
https://buff.ly/cVqSpfy"
2026-08-12T08:50:25.159167+00:00,TrendForce.tw,https://www.facebook.com/TrendForce.tw/posts/pfbid0oVLnB4MED9FjfX92sq3osiAzrot9H7NusodqKGvE45e1RpLkKouTUnC6qXC7nJb9l?__cft__[0]=AZYsaEdv5OMngkCqscLFD7IirxCZWLbAVcPhdGSoLo6-uCylaWmVuk8LGPFHmIhJ1xlIoNbASt3pmblHBzaRnxNRTVypslqBF8XrtSlX2XaP4YmqsiWR2CVjtGmAcKR9WaBA5wQtvfjTjhhvkW4b3KlO5p3PMUcCP0eKKkjwlb7Y334t4kn632cCdtvzPqopYE8,,2026年8月4日 星期二下午4:12,0,,,,"台系面板廠大轉型！從「規模戰」邁向「精兵政策」，群創、友達接連處分老舊廠區，聚焦 Micro LED、AI／CPO 等高價值先進封裝技術。
#TrendForce
 深入解析轉型策略：
https://buff.ly/NiAQPxR
 
#FOPLP
 
#CPO
 
#TGV"
2026-08-12T08:50:25.159167+00:00,TrendForce.tw,https://www.facebook.com/TrendForce.tw/posts/pfbid0FbRzr4tpZAJKxYAQyTpP1vz3Q7DHLtKQve9tfj3jVfYJ6TRriK9iPpuXD21xBmmdl?__cft__[0]=AZZL0e_EtV6kT_RbhK6p2Is5j4pPVdnhZisUdUNnsC6eEiiXj-h8ROWUQbHnubKtHD5YZnGES4kZOK8_3mr8dUdNIcNBxHPWAellyvUs48_1ZtrC70GajfKPbsT_pv2xLk6LPZuVYPZ65vDG0tlcZTuIjcHqETNSpmeaFiUMHaK2yO63TL7K1fNIKwesv3-gfKU,,2026年8月3日 星期一下午5:11,0,,,,"AI 算力需求強勁！預估 2026 年全球九大 CSP 資本支出將年增約 90%，總額突破 8,867 億美元。
#TrendForce
 分析 AI server 與 CSP 巨頭投資版圖最新變化：
https://buff.ly/xXdTqRA
 
 
#Google
 
#Amazon
 
#Meta
 
#NVIDIA
 
#Microsoft
 
#Oracle
 
#ASIC"
2026-08-12T08:50:25.159167+00:00,TrendForce.tw,,,,0,,,,"SK 海力士獲利暴增557%但仍遜預期，分析師指出可能因ASP漲幅較有限。 
 新聞來源：
https://buff.ly/OXxmekf"
2026-08-12T08:50:25.159167+00:00,TrendForce.tw,https://www.facebook.com/TrendForce.tw/posts/pfbid036BpHR6STZTkom4xqxPxbT9F9pBainjUd19cG3GuUfmxdkqvdH6rLDpT4bfr8H3QWl?comment_id=27605931635743052,1週,2026年7月31日 星期五下午4:07,0,,,,"AI 算力步入收成期， 2026 年第二季財報全線亮眼…… 
查看更多"
2026-08-12T08:50:25.159167+00:00,TrendForce.tw,https://www.facebook.com/TrendForce.tw/posts/pfbid026QvSpduaPx1iBXSLHj9fFux4wjSnxNAgzs4EKQS7fmwg83MbhUN9yiD1HGwa4HVvl?__cft__[0]=AZYYjcGtNdxEwXVCxeSeRF69sNFaxyKMTbnI-UNtZW20miktRWc1YoUkcJhSoM2p-q12lqqvdCfEmDAU-5cXzEgZ7mjkXkPNwnFJg7I7zPwmu90BY2uUnNpqbpOO4a6SsvLXjf-aoGfhfqXP186Hrp_xwFj7O568cSeLnvZL-6DIikAJAwcE4CpwdoLvUQoVWNA,,2026年7月31日 星期五下午4:07,0,,,,"AI 應用將持續主導 2027 年記憶體需求，DRAM 供給緊張、價格走勢偏強。當 NAND Flash 新產能集中釋放、消費需求走弱，下半年的價格修正壓力將如何牽動供需版圖？
#TrendForce
 分析 2027 年記憶體市場正走向：
https://buff.ly/6LsfNHs"
2026-08-12T08:50:25.159167+00:00,TrendForce.tw,https://www.facebook.com/TrendForce.tw/posts/pfbid0tcimYvVYACQb9h2X9dDapBFsF7vXod5xEMaa5qCzThEYv4noTbEoEfXUPyx6hNPSl?__cft__[0]=AZb4OQSoNit9jsdMGLP6087h90cl4yGoARK11iYZ9bpZYvWTkbff_TI0IhqJoaDu2w6lUrwtd-a09KLXwEZRRvQRWNLvYyTcLeMk4N6fHmuhHxbFe2wM2qvbruF-kLUcPp6yN3gjP_GlU2CHKsozW3jLxo9URAahNKMfceViSiJeC0AeukNFzaHbf7As-bQvqqY,,2026年7月30日 星期四下午5:00,0,,,,"歐洲天然氣庫存掉到 55% 創五年新低，能源通膨壓力升溫，歐洲央行政策空間被擠壓，了解詳情
 
https://buff.ly/ALqglWl
…… 
查看更多"
2026-08-12T08:50:25.159167+00:00,TrendForce.tw,https://www.facebook.com/TrendForce.tw/posts/pfbid0eG6w3nPnGYH8uYTWorogSjhuDLdCUvLeP3atVSPEER9yi2sc4AhNPfNwGzMd71nvl?__cft__[0]=AZYJU61KmXwTzSLCVgIbOBFCSIHMEEYEdzL3tVuhHRLIJYTMiMSEkiHDu0tFYAJ_Etzk4XOzyoi_MBj5VIl9wnR8epfMY9bgRYaYzyQ9r1-Fknp8JePvlGfQtXZhN2TWr86BWpyLtjPmGc0XgoJCxgR7KwHNSMxKuq50ZP25cDKaj0IDqd-ixlTP1GyOflHSphQ,,2026年7月30日 星期四下午4:00,0,,,,"美國精煉銅庫存增加、亞歐現貨持續緊張，2027 關稅預期吸引全球銅流向美國，非美市場要如何應對？
 
https://buff.ly/5a6Tvrl
…… 
查看更多"
2026-08-12T08:50:25.159167+00:00,TrendForce.tw,https://www.facebook.com/TrendForce.tw/posts/pfbid02CTACupyuWsR4fTwvZW3QbmcNyVM1aAcdK1UBRbTzmuMfTbEiF2Wayt5N5DV41qtEl?__cft__[0]=AZaFFNHUflYzJA9WNhY8M3ITH-imzsj11SmckuDLe2wGUJnKImwrZKEc1OnThzMExtlzqYxEDUG6ep5tzLiinmmVx5953F4wHRBzIqCdVsiwINNcFhUxPYDORbZDlpGZqkGXc8Je-F-nYyWDJeoAIT5B55fWWutsG55aP8upa_H8a_JiZPN9hWbO4EQSBCZqGk0,,2026年7月30日 星期四下午4:00,0,,,,"2027 年記憶體市場兩樣情！DRAM 在 AI 伺服器與 HBM 需求夾擊下持續缺貨，NAND Flash 則因新產能開出、消費需求疲弱，供需結構恐面臨修正壓力。
 
#TrendForce
 拆解 DRAM 與 NAND 供需結構變化與價格走勢：
https://buff.ly/2D4lWFH"
2026-08-12T08:50:25.159167+00:00,TrendForce.tw,https://www.facebook.com/TrendForce.tw/posts/pfbid0P3MhqcsUFwZeCjhSodDZFtTmiQRr71E8AyRE9G9GTPjMGwTmqMDdRaYv8LbPaaELl?__cft__[0]=AZZur1UUOZzWQRJsc5XHO2Y_hZpogrs1k-A-_sieXJTGVWky3D9QoIBPKA4XZ7-6hli_TNfEZZF34ZYPfesh8cjIdmHgVv-2M-VYSZnTODJBWFtESzTWIJA6dB5PpR8x7CAC5UEQ7LGdlY6cKdUDpPlDK5pGPZ7876KZsv-p_XFVQE8y24oD9a-d8Gz_KlTfqIk,,2026年7月30日 星期四上午10:44,0,,,,"AI 狂潮推升業績，三星第二季營業利潤年增 1,814%…… 
查看更多"
2026-08-12T08:50:25.159167+00:00,TrendForce.tw,https://www.facebook.com/TrendForce.tw/posts/pfbid0pDc5tFnueUZgDeHJ5o4KhEQ6E5NqJM1968ojnCtgpdSg7nJrF4rbFnKEqmEA7zanl?__cft__[0]=AZbNL1mHU-Jre7al4hg37r6nD4FEc3AnyAopjjwmIH_bN1VNZpLIXLHhk0_w-sQg4xyHtWB1JMnt3AyCxOQS_j0Ul-Oh-4_xpqLQzDGfJ6QzhPNBLkUbVZkGFpVN_xHz-pOGXX86U5jF89LonuZy9fEJaPzVsFKaHfljplZ2apDTgdzwgxuKn25kT3f6CFVwASg,,2026年7月30日 星期四上午10:44,0,,,,"【模組廠補貨帶動NAND現貨價上揚，512Gb TLC漲1.69%惟市場交易冷清】…… 
查看更多"
2026-08-12T08:50:25.159167+00:00,TrendForce.tw,https://www.facebook.com/TrendForce.tw/posts/pfbid02HHW4a5PNe7n8teFJA8gn7sNZ7STRAWBrLcxGpeFWFTLVjmFqRAusn4YU15v1m26ml?comment_id=1059660216482988,1週,2026年7月29日 星期三下午5:30,0,,,,"【DDR3、DDR4及DDR5詢單增加，DRAM現貨價格小幅走高】…… 
查看更多"
2026-08-12T08:50:25.159167+00:00,TrendForce.tw,https://www.facebook.com/TrendForce.tw/posts/pfbid02EEFequp44F89JERsbZDWZW5JfjcoDq86mVtH7FpV2HZh2XNXPM47R9cncXyqxzXgl?__cft__[0]=AZaUYJ4OKsBAkSi16diKCframmVL7srU3EmSboGSIfhC8QKiWJ7aEFhOBWqDc3swoNY7NW2WVeZA_6aTGFMv39SB6kah6trWgTsWBGV3Jp4orottXkymq-5HHkwUMAyxxx0QLevX2iBeefnGMe7uYNRj-pMk6MfreZxzk_1lrQAkMa4pILVRuuMnSKbsOKt9Xto,,2026年7月29日 星期三下午3:42,0,,,,"AI 需求持續狂飆，SK 海力士 2026 年第二季營收獲利雙創歷史新高！…… 
查看更多"
2026-08-12T08:50:25.159167+00:00,TrendForce.tw,https://www.facebook.com/TrendForce.tw/posts/pfbid02cscaTCFidPyXYQ2dDzxLZMvEWtqKY3XfkCCQSmXVpdSKJmbNFXkzbNPRX4Y9dNU9l?__cft__[0]=AZbBdq3Vp7zclLoqgcwD6LppHjA7-tp1UT6NPiQ-eynvAOtoELsL7n3oh0D975lXOMYCjABpSVCIF3PPI8GS1MMu8ZgnTgtiFs8S59wVPEXHbjgnge9wbGvI52k6h9lt86DFFW_c5fwFcCrb1xkPJdE7oTEQhqUwh32mExNcgzUgIWWasVgspkfA4ru7mmAkgvk,,2026年7月29日 星期三下午3:42,0,,,,"美國首度以強迫勞動為由同步對60個經濟體課301關稅，中國、越南等適用12.5%疊加MFN，此舉將影響那些產業
 
https://buff.ly/Ut4mKr9
…… 
查看更多"
2026-08-12T08:50:25.159167+00:00,TrendForce.tw,https://www.facebook.com/TrendForce.tw/posts/pfbid02o56WHcFzqdb2jJynmzhYzxQ2WXm3v1yBrcFCBp8GzLv4Jnj7JHS8wUnij13CeqZPl?__cft__[0]=AZbeYfiXzJxp2kKXbiiIZd0vzlvujvSEonUWGVbS9Se2oV7ylir4Afs1DsnoiT6GSOpDepZhoNgiwR7FrjSSZ3eSP6g3iHn1eF2wBtgeOf6FLNU7GG9zMNAlpRVbnMuDot3swQPmvfkMuAYIRJZNDGtizJrm5-R8lcX6FDla08A7zYm2owaAADRZdGNEJl5YStk,,2026年7月28日 星期二下午5:00,0,,,,"AI 自研 ASIC 拉貨動能強勁，帶動日韓三大廠六月 MLCC 出貨同創近五年單月新高。當消費規產能加速轉向 AI 應用，供應商將如何應對低庫存與急單湧現的壓力？
#TrendForce
 分析 AI 需求正主導 MLCC 產能配置與價格走勢。
https://buff.ly/5p4msgU"
2026-08-12T08:50:25.159167+00:00,TrendForce.tw,https://www.facebook.com/TrendForce.tw/posts/pfbid021QCsENScv5LrQx5P4J5NHmz1xuwDVjhPn7isKavtqN9ANtrbUggCFnn2mAekWtg4l?__cft__[0]=AZb7hhYz_qdUSylv5tg_OMosXspWau92jSPXL0ssR_EEehwOZJJ0c_-ZeWSKkqCvMnqe_sGVPURHEkjP2rCQDDxgY_-smgqcjDBFKVmwpI407i5ythVOilC3LdO230emBwOZBGiHhmuFzoHLFXgJIRWHm2OgddE7-k5eMIgkFclhfqGXBgd7T3Bm_n4ChpnySLk,,2026年7月28日 星期二下午3:00,0,,,,"長鑫科技上市首日爆量大漲，刷新科創板募資紀錄，中國DRAM自主化跨入新階段，看詳情
 
https://buff.ly/kvEIg9S
…… 
查看更多"
2026-08-12T08:50:25.159167+00:00,TrendForce.tw,https://www.facebook.com/TrendForce.tw/posts/pfbid028XM4wpxw6ZvVmAsm8ATMrLn7XTaS3NeTB8UjLPMdgCiAnQPMt5mPx7Np85ssdR3sl?__cft__[0]=AZa0U_0LLrltm6tcIP_VK7cUAAS1hBx14QVva6xuAoY-G-ZD9dnxDODUahsqY2AxAmvtcforIHHPwk1qrxV4Qah1aCIXPlkKHVwqHzSVi9B0xI8KG4Z2PyPNdvO71M8Y0wB1Wfd8QXchiGvBBJhtbB8-jO1Lb-pLtb2RDEjPUdA0V5xm_RN4O1s3cPuNV92riHY,,2026年7月28日 星期二下午3:00,0,,,,"SK聯手輝達、三星聯手博通端出五年合作，記憶體採購正加速轉向長約，了解詳情
 
https://buff.ly/UPtLV4T
…… 
查看更多"
2026-08-12T08:50:25.159167+00:00,TrendForce.tw,https://www.facebook.com/TrendForce.tw/posts/pfbid02AMAttDJYgmfnYU5frhhexp6Xqsvx9egNmVL7psa3RveumzPBCBeBbvkRwT8xhqMcl?__cft__[0]=AZbaVO9vwatRcJA7vy6pbn_goZqQlczgb_8b5USLLvxyk5yclOI1MT4vWWKYZI85hmTCyPEGWvv2WY2ILGnbiGKrXpE55tAtSDzRb8DiQ4VkRqPcb4afYe9Q-0Yn74EOS4b1rWS9TqK7TN5hS1w11frO0Wjta0nGLhfvWdRTIuyenRxH8X16JY35qR1qpxH3YQY,,2026年7月28日 星期二上午11:00,0,,,,"隨著 Broadcom、NVIDIA 相繼出貨 CPO 交換器，共同封裝光學正式邁入量產階段。當光引擎良率、矽光子產能與先進封裝資源同步吃緊，供應鏈將如何調整因應策略？TrendForce 分析 CPO 供應鏈新常態：
https://buff.ly/4QpQJrt"
2026-08-12T08:50:25.159167+00:00,TrendForce.tw,https://www.facebook.com/TrendForce.tw/posts/pfbid02EzhfePzKuGX7Jt5oJJ6n8JbwHszHdTzVk5ibk5gvrPprEzAW1TWP3Xs2CAZEFXFkl?__cft__[0]=AZaIAHeRS8z4vlc9FJVabRZCLXtxDrQ0gJXoJK7Af971eQOJZlBn1Y3onD4fLsiJUezJjN2tEtXewSVfmdn36kBcEVIysVkvekcADEXZIN4Adtte7fwvb_9VZOKh-xkSbfooT7mg2b-w95LpX3Pi0OdeuZ5_0K6-b6RSy7hs1cEr2BzSUNhoVUhd-GVIST16ics,,2026年7月27日 星期一下午4:48,0,,,,"長鑫存儲今日於上交所科創板掛牌，同季營收 73.39 億美元、市占 7.6%，位居全球第四，僅次於三星、SK hynix 與美光。
#TrendForce
 解讀更多關鍵數據：
https://buff.ly/seHkVxG"
2026-08-12T20:38:50.014432+00:00,TrendForce.tw,https://www.facebook.com/TrendForce.tw/posts/pfbid0ozq1Xn8NsLk3uvU3E2N6dQ3itVV6sombUnWzBqBjPQ6w6qoZcQe1bsFxhstqJqnkl?__cft__[0]=AZY1ZAVFLiOyHopyBpfdFQ9OD_EgzsDTdExC6_4m2m3mH8VRIWqjQB2UjrgrEEV2RknKXbGZpdXTq-5E-f1j3QKkc12_5po94izmWi9SoDwEnJ8LjoXGJYRFXgWVV7Zaf_IfXPiSQ2xcIth0MkWV2qH7l2O_cdn-ueKUe5ZS8pOas5UrLrf6vv_TtrzFDrTHSb8,,2026年8月12日 星期三下午5:31,0,,,,"2026 年全固態電池邁入工程化驗證關鍵期，日韓廠商車規電芯性能驗證率先突破。當研發重心從實驗室材料轉向製造一致性與車規驗證，哪些廠商能率先跨越 TRL5-6 門檻？TrendForce 分析主要區域市場全固態電池發展態勢：
https://buff.ly/Gxljdg7"
2026-08-12T20:38:50.014432+00:00,TrendForce.tw,https://www.facebook.com/TrendForce.tw/posts/pfbid0bWf3b87vgzsaFXcQdvftKqzUa3k6HKgqM21kZuxUbkSKqsyNo2KfLiFjf7P7eGw6l?comment_id=2308255239963294,10小時,2026年8月12日 星期三下午3:00,0,,,,"【512Gb TLC Wafer現貨價漲近5%，惟NAND交易量能仍清淡】…… 
查看更多"
2026-08-12T23:47:41.579618+00:00,TrendForce.tw,https://www.facebook.com/TrendForce.tw/posts/pfbid058DwtUCzfEpawXaJoQJWV6o8guRdPKrn1qSM65RPuDqQWq3kdxr7hWXVRYACGFZHl?__cft__[0]=AZalGF7x-gfDpXyb07cwJzFSxg40Qmg4i3sjbfmxkNZyREc4_6dl0hG5sLQv582SMwWtCmK3fRN8MoFk8tLlWvma8WfFddARjrsrF-A8MC-9V3dnCR-KICgYR7SQ8gV3HhrZWDubv8ZGx_xMb_-GW-PEgYzN1aaIchweyaf4Z0gGZYI8qXaO2nmakLV-FOf6m-c,,2026年7月27日 星期一下午3:23,0,,,,"Google遭歐盟重罰，川普隔天就揚言啟動301條調查並加徵關稅，科技監管爭議會不會演變成貿易戰？
 
https://buff.ly/audC3gt
#
…… 
查看更多"
2026-08-12T23:47:41.579618+00:00,TrendForce.tw,https://www.facebook.com/reel/1758377648808841/?__cft__[0]=AZaPGiUUjziSWF1J9mBnTtWfTe43TgJ5z0OmTbOaPUCgCZ8yaQe4bkA2Ix_GPtKdNtxGGr87fYOPuC6xJxsOVL2IcTPZfZu9BnrfvueuCdHNBYL3FlRxqou4Jn4_rLh_UBxDLOFCktSlgTgCr6LTT3TCMjHkwpu_-Q5Sjz8rnQWzQXXEgC-o2HiORnBCFj_jMPWsZTTkwc0SVUCsCFaDkUUi,,2026年7月27日 星期一下午3:00,0,,,,"三星規劃於平澤 P5 導入 hybrid bonding 設備，但量產時程可能遲至 2029-30 年。
 新聞來源：
https://buff.ly/ABu3ZWr"
2026-08-12T23:47:41.579618+00:00,TrendForce.tw,https://www.facebook.com/reel/1036503002512242/?__cft__[0]=AZYl_4fd_bGm5mFz5v8o5vdfILSUBRRblVDpuzBtnjzxpXCTF0TJJ8EP3qdms2OgJq5W8NpXvj-v8xpAhd0EusVC-iE7iQFFXC-38EtFWpHXcWwD4gH0jRxJTbAijYCzFw85i1Lo4OQwKgZ0m7lieBYZLOY5y-uwUJerJ_tUBEsACaa9yKRGpcJChoNSJXesf2zF9m33bh3Yo8cTkMqpNKQm,,2026年7月25日 星期六下午3:00,0,,,,"聯想等 PC 品牌廠傳紛下單 CXMT 保產能，訂單滿至 2027 年底。
 新聞來源：
https://buff.ly/2op6KNX"
2026-08-12T23:47:41.579618+00:00,TrendForce.tw,https://www.facebook.com/TrendForce.tw/posts/pfbid02vHUpgVvo71SeKknwwU3KxvAATi6qDujvVdePbP6LNsZAkD1mgKm9J1vW5Ac94yful?__cft__[0]=AZYqGOD-9K1otUV0F6isIGAj1rJXb0W8PLT5HC0RUDKVuFxTspy-ZRL1ZhNfpsyI0xX9trWVeWJldn7ikA8YH96wCrSvIC_aIwebM3P2SbbdpnnEJkTzMiewMFQ533jBg4Jbpbd0zMfS3dSGfFcJBOzjH6bK-VNCfH65unj8yBP3OXxV7XWXuEI-6nhRX_3eAaQ,,2026年7月25日 星期六下午3:00,0,,,,"十五年來最強營收成長，英特爾 Q2 營收衝上 161 億美元…… 
查看更多"
2026-08-12T23:47:41.579618+00:00,TrendForce.tw,https://www.facebook.com/TrendForce.tw/posts/pfbid02ZFVdNVnSHU6NTq7dGrMZeYRVnJpQQnr3LvQfesyJyCbjqY4ETMCKKG1WZ7mXaeVvl?__cft__[0]=AZZjs32nDG-4_bjr8LfxlB0aPJdjCkqIrrrsoRvfIfBkcwumB7b8IPF3a5zME5PYMjEAj6c3YKIhVMyN38GKaRA4TQG7Uwwj9c4XZZ5zUaw9kn5o-BK9hgWwPJ6RnYb4sRCpBWs39IS66pPe4jQl8I5rWQaNcIrLIxuFwEPdiXGnVji0ApIH-hQOPqgBEZxMoxE,,2026年7月22日 星期三下午7:00,0,,,,"美國晶片設備管制若擴大到維修，美日荷設備商正重新盤點中國曝險，這場拉鋸最後會怎麼收？
 
https://buff.ly/Pjc964B
#DataTrack"
2026-08-12T23:47:41.579618+00:00,TrendForce.tw,https://www.facebook.com/TrendForce.tw/posts/pfbid02MgHieuBaXRqD97qeSTaeCjCNJXfRBtqU9HD1Vv7cDig6hHjy5SqEBbiUJYCPfCWfl?__cft__[0]=AZYKNYLy6I3qo0giJUiPi5z4r-gn57XhFt-9cLyn6zZuR5GdgoVjk5MjbcsegrxQgzWnGqjni1Y_fBZUqhjEF3-730vjJAFQT7pIs0BIrfzUQbgNBQqQcJ6S13a3aBesOzlz4MecVGsW_8aEXZAvYE4ats7xxnVSYX6XGRxH3FDwgrTiR3UwyFPkjBYCg6ZoNDI,,2026年7月22日 星期三下午7:00,0,,,,"【模組廠積極補貨暫緩 NAND 現貨跌勢，惟價格反彈仍乏力】…… 
查看更多"
2026-08-12T23:47:41.579618+00:00,TrendForce.tw,https://www.facebook.com/TrendForce.tw/posts/pfbid022MYQgABdqjkAEUz6tDtGeXah7mCbgrHK3UVQRyoRgaJ7yM2S8cE8cD44YSPPhrcl?__cft__[0]=AZZjJAT6xE9Z_diAJykT5BVHZZiuIrZ9vpLFGnk8F26Dc2pwLPHGNgQE8UF1hQb2Sy80HdLFP0ScMNaqggF9raCCscLj-S97L-BUX417aJoflwCTRwRBwDGCRcNXlF5Vd_XGWMFBe7QSrhf9nT1JMFFAxzeh9HVCZ03Fo7nLlcmYwjqrMbnLOgx-k9GQQjyn7sY,,2026年7月22日 星期三下午2:30,0,,,,"【DDR4品牌顆粒需求支撐價格走勢，DRAM現貨市場小幅回溫】…… 
查看更多"
2026-08-12T23:47:41.579618+00:00,TrendForce.tw,https://www.facebook.com/TrendForce.tw/posts/pfbid0XR8BzKa7VEzodtTuoknHgxjQJJ3WApHbe8tW9SY8eR2d8bs4DBqfFuJR7VnHF82Bl?__cft__[0]=AZa107reNp5qClB8jCdY9mak1P8gZ1MvgUOQXVBiP5N67og2jOOKjbMNkeJ-oNPDpXLsrzjlwIqPkHIYJsRVcNNQMgSnSr_gQiBCa-MKFKcWk496vEnhTmfcGWCL0s7TBLzLvQpHr13SYYLKjikjNRl-VnVTtY1kUMDR-285E_N6etsOvJKM65gogVCGT55tBic,,2026年7月22日 星期三上午10:00,0,,,,"隨著 
#CPO
 邁向商業化，檢測仍是最大瓶頸。我們拆解四大關鍵檢測層級與新興供應商版圖
完整內容：
https://buff.ly/VfR4njl
…… 
查看更多"
2026-08-12T23:47:41.579618+00:00,TrendForce.tw,https://www.facebook.com/TrendForce.tw/posts/pfbid0QRdMdpEvT838cSu2MbmQ74qxg36nXTsrseemdLALGcwJEjfnfW5c6fXnMdywFxENl?__cft__[0]=AZZBsj0g7Hifv4JQ8ZPa8Wl14PmkDq39j1zwZnruKukVhE7mndgrhm3N-Pv7gan1ozc5HRDRMY6olqpG3ENjg_CDelR-FXdCImA15pV2eZpbQQ4VCWnIeC08jwEGojRjmAqFuPo4qKy3I07U0Reodq7WDNMlFdjOKh1nc8Yys0mVkfZM6c-Le1mYoaTKcrZP8zs,,2026年7月22日 星期三上午10:00,0,,,,"USMCA六年來首度審查落幕，美國不同意直接續約16年，近岸擴產的節奏會怎麼變？
 
https://buff.ly/b15Aj1E
#DataTrack"
2026-08-12T23:47:41.579618+00:00,TrendForce.tw,https://www.facebook.com/TrendForce.tw/posts/pfbid0CvF7t5R5LrR9EKcAf3X2N8gqt8PG8Z7WhpiEpzYYnMxq3GmmXxmY7AVkr9BXCRmJl?__cft__[0]=AZbYzTiLBlCdHhWbxxu4hPbDEdmhKoxyS0ybW3BiFWMaowcux2QOnMBjKeUSHc2zOY3wgyrs1XZqd9_i7uMyOoz04Kn7JQcYfkMqw-nvvX0bt_u7zg6T1KidxDpcsDKXKqz56_8zBtiKBLykMejcEGisnjk_Hl1RfQfSXMhU7Sn4dASGltmPxN3BhMB5m_Re7dg,,2026年7月21日 星期二下午5:00,0,,,,"法國債息壓力衝上歷史新高
，低成長又撞上再融資高利率，2027年預算能讓利差收斂嗎？
 
https://buff.ly/7cDSkyv
#DataTrack"
2026-08-12T23:47:41.579618+00:00,TrendForce.tw,https://www.facebook.com/TrendForce.tw/posts/pfbid0TM1gN9qNMHMoRQHcKAphYFPSocntm3sUYbf2qYZY7a1seyTVB59EbYSQYQqX7VkEl?__cft__[0]=AZYbhiAa0nJvre0uBitcSEugBZbYsAfjqYs_vEuA5McZEcA93rUgGiCnpAqZR-Nr71oPtcfFfJ5bpeDct2_MUa6vOFh0B9NfIk2DYQmptrJvJq9KB2oAQmOKxSQo6izSHcnJOLfYhUxmfCf7754ULCYTf2nSdLHX5w425IwO7qgPL3wh4qs-9BMK3aDzux8w2TM,,2026年7月20日 星期一下午5:00,0,,,,"美國貨幣基金天期悄悄縮短，資金轉向附買回和浮動利率工具，財政部後續發債天期能否對上需求？
 
https://buff.ly/CacerfH
#DataTrack"
2026-08-12T23:47:41.579618+00:00,TrendForce.tw,https://www.facebook.com/TrendForce.tw/posts/pfbid02UJ43q5KcpGXSzTMJ4DCysjTmBSXssoZh8n4vaYwmqhjeTdq5z4Veq1bHFtAdnNdkl?__cft__[0]=AZYA89nTpq0gTpfxt3iWVmsQNQst1CkserGpSTkIZQfHNZ-lgv_WAqo4CpOym7TGiA11zqQcE9HN-Fx0l6NR8TsKj6w29x7PI0tegy5L1GwEYJQXePLuKDVf4I3wCBRbFUIALnIe9uOD5FID-0lv2IBnIlOKn-lpEDFawNCc5Y8LEEEMJMjM8OPEbK9o6K6HnCo,,2026年7月20日 星期一下午5:00,0,,,,"美國6月零售銷售持穩，消費者信心仍低迷，聯準會下一步會怎麼走？
https://buff.ly/T3r9nJB
#DataTrack"
2026-08-12T23:47:41.579618+00:00,TrendForce.tw,https://www.facebook.com/reel/2813823492349234/?__cft__[0]=AZamJ8Mr7f6C12dBWfhe9UDt7H6DA_NY_lXfjtRWqtlg2NHbLjeKjceI-6wOhVFFe4vFxv3vHtlL7-yo_pbrhIY_HA5vMLxLu_ziSGLKbSpOIKD14aavOMyBIgrKYmstCogXUbmHIezKdDUrkGxrpEG0jZyuYzD2GrkqW4wRGDy5HuN7OKg03AvP4YLJuwEDhuF7TqLql3gjLlmxkZwtIZRr,,2026年7月19日 星期日下午3:01,0,,,,"高塔半導體擴充日本矽光子產能、將獲補助。
 新聞來源：
https://buff.ly/5ra8nXe"
2026-08-12T23:47:41.579618+00:00,TrendForce.tw,https://www.facebook.com/TrendForce.tw/posts/pfbid03mvLRA4b2EWBdmnm1wR7GvGvLNY1QSE2PdqwD12q18DZoJVkt5W6Hnpc3AWPMLGjl?__cft__[0]=AZYPVfDfgLt0sXA_UCGKy5AoT_tZnzGAwHqyMUGfxKunyyd0yNLRiE_B439vWoWAHneEwWhd4BbnpOAXIU6BnK7Me9vpi5vEWHoed2dPn9TlsQduljey0Pa523IvNsy8fVjB9blABPNuT8LKHPRRkus0pOR3s6UKffv3Twx8aOFfUwR-BRIHAgWQrKqYagLFfzQ,,2026年7月17日 星期五下午5:02,0,,,,"房貸鎖在5%以下的老屋主不想賣，建商卻因庫存壓力祭出優惠，美國房市為何量縮價還漲？
https://buff.ly/zp2vIIf
#DataTrack"
2026-08-12T23:47:41.579618+00:00,TrendForce.tw,https://www.facebook.com/TrendForce.tw/posts/pfbid02cuMvaSL7UwEzTKvjHzDFkWkAohQqCUQfx63PK5FagZ7P7BKk5GugVKxkA5G9hn9Wl?__cft__[0]=AZbw0Cap2URhhAoDVJ50fVKe4uQWhAvn6UsWFCMQITzLSrgmCpXJGwAGelgaAcvHN0hWI5dJthh_iGXqa9-PI3MsQOIIMSBrY8jeF-gXrs4WYLwAI-4aiVEvyOtcLp2SO_FO-yPOG2lFdRFfNOFTGRfW549MwDl-nKebjaT-9uOXm01aLN1oEmlIFjz1UpW2li0,,2026年7月17日 星期五下午5:02,0,,,,"美伊衝突再升溫，美國戰略石油儲備卻已跌到逾43年新低，還能撐住下一場供應風暴嗎？
 
https://buff.ly/of4F19r
#DataTrack"
2026-08-12T23:47:41.579618+00:00,TrendForce.tw,https://www.facebook.com/TrendForce.tw/posts/pfbid02vPpCtFhiwxdhzeRriR8ALjJGaMVmhQ6o3gr47LeohzhAKAZUP7eAWsDWajddhSbKl?__cft__[0]=AZa4NDLCtAj6FwPC43DRXrFfRaN-me2cRNgIvL-axdQaUyNNZXv6NbkTrjh8oQllh-2oMmG0lIm_Hjc8Gy1oZFGmw1ZBlOVj6X1V-8-nz7sQ5-BSqpSIBfSuTxdX90_OZ9NPXFOcH3xeIK1AlJcXFYpKVXZUjpJUOMZyzFm_ZRLqoUvZ-eLQbAoC2wN0A-iwdAc,,2026年7月16日 星期四下午5:00,0,,,,"台積電 2Q26 獲利創佳績，2 奈米首度貢獻營收…… 
查看更多"
2026-08-12T23:47:41.579618+00:00,TrendForce.tw,https://www.facebook.com/TrendForce.tw/posts/pfbid0fZEsrTHpprqXuTXt3YND6bo2cSzQ7CistdHQTGVuj3x4zejQ8XuLwz36fWnkEoXol?__cft__[0]=AZYr-t3hhYmAeijs9OxCw89lBwDhGUeWY1WThtvtilSXgBjfnPDr7Ov6NKgOMS67iCK6KyPR3-dGsuzg0KFSUVrvJhqofO8IUxxCWeyRxuunHNqAUSPV7Y-5zlWt094CDh3EEJQskNZcWE_9lkR4xhoqNAPE8ODt3L3mEpSFalBONlvTbrZsRPtPvgg4hoTT2sE,,2026年7月15日 星期三下午5:53,0,,,,"人型機器人正從療癒設計走向真人化互動，優必選 U1 以高擬真皮膚與情感大模型切入家庭市場，供應鏈將如何從工業場景延伸至消費電子？
#TrendForce
 分析日本、中國人型機器人發展差異：
https://www.trendforce.com.tw/....../20260715-13144.html"
2026-08-12T23:47:41.579618+00:00,TrendForce.tw,https://www.facebook.com/TrendForce.tw/posts/pfbid0ceHsDh5NoGiXGrULP5Y75ebfe8kTNX4mmqz4mz5NDoaKfXPta2KDCgqASLQmF2A3l?__cft__[0]=AZagTyRgGwa6cBVz30C1yBHhRoCSl2PwiAfkfl1hFk3hOzetAHa00hlE8RBZ4kFvkjIa3No_d-1rD3C74PeKDhXtPJPxYWGIvlhpGFpfL-WR6xImOvbw41o-xTLBpuWeb3moJz4s_UunpgoyXxwlyHvTKNJK_RgWlJ86BqCab9hJxB6ZuDFlnxslmxTmIMEKkNQ,,2026年7月15日 星期三下午5:53,0,,,,"AI競賽加劇用電量狂飆，科技巨頭承諾負擔電網，真能減輕AI建設成本轉嫁給用戶的壓力嗎？
 
https://buff.ly/75gGYLf
#DataTrack"
2026-08-12T23:47:41.579618+00:00,TrendForce.tw,https://www.facebook.com/TrendForce.tw/posts/pfbid0JK8ZcijP7xRvws2o7YCyUqVKfS6n61czMeoyk9dzRwjo3GPT2soTAsDug97ZtAPEl?__cft__[0]=AZaOvtiIq_RpJ6rEkdJAagAU28aHa25qGgNd0PAbh33dSg9Nouxt8JfNhbsTJ3rCqgEULDIYSe2W3MdiUVjv4SOTkz4clxZl4_SxDL6-tCBPSDq1nGqmBRogWdB33VqsakScdLljAj5DW1FIlByRUi8oy3rU-_iSZpNn9TwcOd7qy7v4COLMa8dXhXen5yU_kDI,,2026年7月15日 星期三下午3:00,0,,,,"來自 
#TrendForce
 的 
#NAND_Flash
 每週現貨均價比較圖。…… 
查看更多"
2026-08-12T23:47:41.579618+00:00,TrendForce.tw,https://www.facebook.com/TrendForce.tw/posts/pfbid0nAZr4amfZkEVzdvMTK1tv3JRBoVHzqYc16HASmRrVVEgU7UNAdKFoUGaCN5BRw2Vl?__cft__[0]=AZb96M-_4JBqOGINEVjl0Dnf9_6upcI2AAxJI7sVPPF_YxhQURwVpveRtJDgut986lN3R6HjJ2Wd0v3VFYLwN9YpAo9X6oKCQyrcSr-4Ksh-8PHP8020fXCwNtHRARL2SuDN2EpomVnsRFMflSqD_tDENUJ2nXPpbVa_KDgjPYtIuc26QqBDvEXe7ufCVT8k1B4,,2026年7月15日 星期三下午1:00,0,,,,"來自 
#TrendForce
 的 
#DRAM
 每週現貨均價比較圖。…… 
查看更多"
2026-08-12T23:47:41.579618+00:00,TrendForce.tw,https://www.facebook.com/TrendForce.tw/posts/pfbid0eWC3Rvki2cKk6kysdzfoZR5VS2V877jntKAGYtCyUMqsHv95UKE6WLKxZM6yb5ZTl?__cft__[0]=AZaFgOobGffzCkqaRhrJOhrzlJu-Rz0yqHt94oKBtHBNNojWh5jHYO2TAHxT1DhGFyE0k2xXHhKZpOSs-T0QZOri8Uo_bP4eN-_XXxCarf5yrwiREhO3cs750AnAPkyOpTO_lroNTCToXghHHOD6ga6DLZS5Y16XQmiD2FviXcE8KpGhrFHATF4Pjo--1cgML8w,,2026年7月15日 星期三下午1:00,0,,,,"隨著科技巨頭 AI CapEx 激增，巨頭大舉發債以因應擴張，債市承接力正面臨考驗 
 
https://buff.ly/9oNgaPC
#DataTrack"
2026-08-12T23:47:41.579618+00:00,TrendForce.tw,https://www.facebook.com/TrendForce.tw/posts/pfbid0drhYvgcPeVb7AmdGiDfdTgHpK9EfgZpG5vNXqFo4S56SWfXQEP6JPWGe8EDub6Wl?__cft__[0]=AZZyWp9PYbLnEvofgwcgn2WRYmqycUZ--1LIgVKPr2pG0qVBt5G7f6oZ25QS-SuBL2ju8FixTNgN54bWbFRrXIu2pPUXJmnfjDUea5mVKmHdFD-PgHn-KULdAZU8p6loyPsWoIXaxg7PGaFw4bQ4FdaYYgmq-bacRHBZuHDUyQiREvQU2B4Pc0ogGRk-0YUwFX4,,2026年7月14日 星期二下午5:00,0,,,,"#AI
 伺服器的供電挑戰已從板端延伸至封裝內部。
#矽電容
 
#Si
-Cap 與 
#MLCC
 究竟如何進行分工？…… 
查看更多"
2026-08-12T23:47:41.579618+00:00,TrendForce.tw,https://www.facebook.com/TrendForce.tw/posts/pfbid09TWuiorQqdX4V8cHkDws5iwYY9juKnd3f1sgLJakeWVxit7NGtXFMua8owWFprB8l?__cft__[0]=AZaLcSnrkj2JGfN3b8rbK82Be15oP1bm92NXjEaSwUqf6JkqjV3FHJxBy03-DhiApMut_r3-P_bEturMPypz8wbhklKPwbglFgsNmCeevepJqr1K1Fq6nPDjg68maVzn5P3opBtO2Nd-EKZkmmICGWUXmxV_1_hj9n7Yy-UpDL33PDrNjjWpraoUYZn9KawcWhE,,2026年7月13日 星期一下午6:01,0,,,,"印度資產隨油價回落、盧比回穩重新被外資盯上，中東局勢若再翻臉，這波回溫還撐得住嗎？
 
https://buff.ly/8E2VJVc
#DataTrack"
2026-08-12T23:47:41.579618+00:00,TrendForce.tw,https://www.facebook.com/TrendForce.tw/posts/pfbid0ffFFuboRtW8w4bH64bHBuhhLqRHUucgdH54QBcCsFgwvr5HGh4Vn3uuwwuPwx7YDl?__cft__[0]=AZYoI-5RQJ2YhGCfmfuvJHWp2ml-dhJzltWsyxAeKzpCyV7rCcf6HmSYuRq-oK7bAzZop_PGfdw5_8EeG0KhLtKYCjepvz9aeit0VmWczFEVf_AMt718uInf_YA6wSuhuq3nGrKsmKKqMJU0Vb36Dlulm9FZLjLNMl1hpa2Os0sQzIiHF1nWOSaXFTQgVCMcekQ,,2026年7月13日 星期一下午6:01,0,,,,"高附加價值產品排擠成熟製程產能，MLC NAND 供給極度短缺引發轉單效應。當工控、車用客戶湧向 SLC NAND，而全球供應商皆無新產能規劃，這波結構性短缺將如何改寫利基型記憶體的價格走勢？TrendForce 分析下半年 NAND 合約價漲幅變化趨勢：
https://buff.ly/Xm9t51n"
2026-08-12T23:47:41.579618+00:00,TrendForce.tw,https://www.facebook.com/reel/1540219951115434/?__cft__[0]=AZZ2C3BzxH4tpGYlekvj-HD8P0Cj1Fvq8kbhmcY9jtpKtajKh3j3BbtJ0MamVr4AuxdqyKHe_RnZos_-BQ32ir4qe57F0wmq7Expb-RSyM1-Iq_AUfCamKU6S_3ByBkccNP0-h_D5zp1yi86iLvrVrTkExC7YTRcM7rHTXGwcBkSW7zERYsDwhjR0xxuT3JVTWVD-QcBumTJWCAmgGxlAkhW,,2026年7月13日 星期一下午5:04,0,,,,"中國製 NAND 打進國際 PC 鏈，聯想銷往美、德等筆電搭載長江存儲固態硬碟。
 新聞來源：
https://buff.ly/R5gX7qk"
2026-08-12T23:47:41.579618+00:00,TrendForce.tw,https://www.facebook.com/reel/1343500890698214/?__cft__[0]=AZaFzRyOKytJyYAAL0qEx3ns8w11Jn5VHpk_udBRzmqVLML5ZszuQ0WnylWPsK9B34swQXhGXXSCb7on69kIq75qYaZgwfiW2TmGHBffWSldrAYPr66lfUuYxaUJ55OWBauMOcpuGq9BTTe-Ih904PJTbN5ys95OmKWw-sPKH2uQAWZwkWWYtCEBsreLfAClLEzy9F6gxq6m0Klq3bNWWLAh,,2026年7月11日 星期六下午3:01,0,,,,"與 CXMT 洽談 LPDDR5X 供貨，蘋果真正意圖恐為強化議價能力。
 新聞來源：
https://buff.ly/6aaFWkg"
2026-08-12T23:47:41.579618+00:00,TrendForce.tw,https://www.facebook.com/TrendForce.tw/posts/pfbid05ZzpEJKokpDND261zQF12nVRugouB17LiiuqD3aZqBoJVC4ztau6E1Lmk8q6DZbhl?__cft__[0]=AZa0NarCif7u3r7FYutGEEkgP2JRJt0o5ZxpSE63UEC-VNp_z88VWgbx82TpsO3wNvNVT_BYa6ju4fofA3xb_Bi6SewbesuFZ0rDudBwTPsX1dGEMaAUZ7JdVAIQYF6i9GWKQh2Ai-tHgS63RUk6dfUcIfZHDBRZGYTp01hWPWtyedqYZjI1gXoFNqcswGAjoZg,,2026年7月11日 星期六下午3:01,0,,,,"日本長端殖利率狂飆牽動全球資金重配置
，日圓套利交易與海外債券部位恐鬆動，資金接下來怎麼流動？
 
https://buff.ly/E3RV0kT
#DataTrack"
2026-08-12T23:47:41.579618+00:00,TrendForce.tw,https://www.facebook.com/TrendForce.tw/posts/pfbid07xau1V5orn9ukYTtCYMNsDqWa15Ur3s7thG5WErUhNXDKkhiQjz21nhknMnJGWDHl?__cft__[0]=AZYbq4VUTb5A1PZfuI6pGJVhvaZzqPeGgd4ibNx1ioeKzhTbylfg2kHwRAzL9IsBa0brSP9yblQ_BKukL0hA0cxj8F-iSx5pJKxjp5V_LXaREZcZDSNYBi5lN0lmTS-mRc8yTaAFBLiUFVTmoes-Oothce0mHqQj7T0xk6SCQaCXhVEIDHnnyV1LhiGX1b_dS3E,,2026年7月9日 星期四下午6:00,0,,,,"台韓AI股漲多引來外資獲利了結，內資卻逆勢承接不放手，台韓市場已進入內外資分歧階段 
 
https://buff.ly/AxBtt6Y
#DataTrack"
2026-08-12T23:47:41.579618+00:00,TrendForce.tw,https://www.facebook.com/TrendForce.tw/posts/pfbid02QsBVk1x2FkatjJa1FnLCZ2vKN9RH9gEddvWu5w1Z53TBfJjoqBs5YQMvRGEvfkmVl?__cft__[0]=AZYYNSLYDSuq3qU13dmGoRf8UPneMyN75shTh4Lz4fFyB29Ee6PMr0xpcYN0v5LJO_xh4INn6yT7cZn9ZZEoU6raKdPMtxwVamSfcGksGQFM8exzFYRvBpj0F4OOOtjZCdctFNO4xDLQalgogpoNpnwIkf4-Zs2KtBDh-QCAbP9DIp8iKBw5UFZ_U9AXiE4cTD4,,2026年7月9日 星期四下午6:00,0,,,,"美股半導體動能鈍化，資金開始尋找漲幅落後的接棒標的，這波輪動誰是下一棒？
 
https://datatrack.trendforce.com.tw/....../u-s-equity......
…… 
查看更多"
2026-08-12T23:47:41.579618+00:00,TrendForce.tw,https://www.facebook.com/TrendForce.tw/posts/pfbid02QUTz7rxuA1HHXxV8UPJEpCzycQth8h9GGLxDChqoAmdfYucpGqhKrZLvRyZNHKjBl?__cft__[0]=AZYZDTN5tNAKYxkjrUsmAgGT5mutT0kv5ityeiQtg_I1SyHOEstWNSphWx_VH2k-GRxYNY0SJJLpb-n_JfqBGJ-1RndvwrlP2791y8HiOGYNwt2Sk86PftjwNOa3XxqmMSgI7addhW-zPcgRp7DF0tBLjyNNy73emMS2xWA1EoxlNRl75IDcYH6t8HM9qR4LWu4,,2026年7月9日 星期四下午3:12,0,,,,"Server DRAM 漲勢持續！雖然部分長約限制了漲價空間，但供不應求的格局仍可能讓原廠上修報價。
 
#TrendForce
 分析記憶體市場最新走勢：
https://buff.ly/Nldc9Jj
 
 
#記憶體
 
#CSP"
2026-08-12T23:47:41.579618+00:00,TrendForce.tw,https://www.facebook.com/TrendForce.tw/posts/pfbid022kHowH5UhQQtA25d6N1hRaw2Z4nU2sE22vcDgkwTFy9iLWmpufwiuS4PUrpiatZ6l?__cft__[0]=AZYadjTPuetTiuq0a0cZwjQ_khUc__ZfSRhioYvTK1RdMv95qzbhIA_IVqowMZcB1bQH1j1cari7GsCWUy4SEG_b-FAnQ9w6guFxeGAf-lswZVs0PnCdnYQHiB2FT39AjQPXuTKov8YcEkmvx9r-F6D29DHvO2aFM1mruq2qR2ee9wUNE8DjA9kbOIfnBOx6DlE,,2026年7月9日 星期四下午2:00,0,,,,"AI 應用重心正從「訓練」轉向「推理」，
#記憶體
 需求將迎來怎樣的改變？KV cache 卸載技術與 Agentic AI 正是當前最值得關注的兩大驅動力。…… 
查看更多"
2026-08-12T23:47:41.579618+00:00,TrendForce.tw,https://www.facebook.com/TrendForce.tw/posts/pfbid02K8RCuFddgAh7DfRXHnJEuYJfB8JsYksz37cWtnfX6LKMoX5KtURpL8jVETFcxAWml?__cft__[0]=AZYHwc_ASc8sN5obMefBqAGLwQf4PI3JMP0EjIcXCzWfYLVf2w4yZyLjEnqdoGavmmXdggSFhA0ZrAVP1MqsJXKKsODs_pbY3AIY3pw-DkFH5FAhft9yYJu-pUqFpeS7fWPkrN3s4T2GkTFHIp6GVaGpP0m05i1QuYbtj_GUow9pBha1trQWHy1yW2lf-KnfHLQ,,2026年7月9日 星期四下午2:00,0,,,,"中國房地產下行壓力未止，錢正悄悄挪向股市和保險，這波資產重配置會撐起下一輪陸股慢牛嗎？
 
https://buff.ly/PLvfoTs
#DataTrack"
2026-08-12T23:47:41.579618+00:00,TrendForce.tw,https://www.facebook.com/TrendForce.tw/posts/pfbid023svf15g2eeMiwKrJfF7sYBKGAH2DcgGnNA5WkQjDuykDjNkpyN227gu3hv44HmsGl?__cft__[0]=AZbPycYtltw0rcrxopPWWlANNTnjyqjZqU3PtxN00CfX3lr3UX4d8qUguceV2V1tJHW-RdtAwbyaeyVqBNczTQFPCqHsA028JEMyKn1cqfBtx6enRYP1SsMldGWXWKl19JWImAgjgV0sMcTyAdx4vvWZHgeZKEUJfhrQvZyEmRT9dQ7Rjb4QagFTCODsJcGinc0,,2026年7月9日 星期四上午10:00,0,,,,"黃金修正後重回關鍵價位
。升息預期降溫撐盤，這波牛市還會持續嗎？
 
https://buff.ly/LGuuQlB
#DataTrack"
2026-08-12T23:47:41.579618+00:00,TrendForce.tw,https://www.facebook.com/TrendForce.tw/posts/pfbid025fEo8oeptQpqXfWuURBhLpbxLukYL3Km1PRSNpB4pNve1GpzqX2yCQHs79jjqJ7ml?__cft__[0]=AZZ55niJR8YP8M_5METq6RlXkH218XlwF4q47xpnGaIsMZf3kMlWjLNKllqDKYggyu0aOBXrn9TNIrCsDwxCJBFskhoO_mJaFSEke8FHO_6fSlMneQwKNab080KnMaAyNgYg2TwBtY6eTGeRCuG6TxAP0nDR1Ychs4sXctUZ965MxGLLxeNcqtJQPIDGO3TTnP4,,2026年7月8日 星期三下午4:45,0,,,,"央行升息創 30 多年來最高，仍擋不住的日圓貶勢。日圓後續會怎麼走？ 
 
https://buff.ly/u1KHBTt
…… 
查看更多"
2026-08-12T23:47:41.579618+00:00,TrendForce.tw,https://www.facebook.com/TrendForce.tw/posts/pfbid02RvZJsv7N12YA48PLvniprxE3xGyDn5JYakPMpWutsrsds6gSwNgft29N22Xu36tYl?__cft__[0]=AZYdTH2F6g7UkZLSA0xQcy1rVC0ypSBMC5-1vHdcAZSoc5f7PfIrrGjzQGDP2234oHtefPeqn_plXAkL4CUHM-ufwYMk46fbx53FfdeklpKAJyyFLc8JYdIagUsrORHK99EkBNS2SFdvbmu5eqHPHAgfJu5k28S14GZxzfkBkZvx86kOXwtJ-T8lU91fqPfKT0c,,2026年7月8日 星期三下午4:45,0,,,,"【消費需求疲弱拖累NAND現貨市場，512Gb TLC晶圓價格下跌2.87%】…… 
查看更多"
2026-08-12T23:47:41.579618+00:00,TrendForce.tw,https://www.facebook.com/TrendForce.tw/posts/pfbid02tmtofxdYYmvCjNjEAL1f4zX4WoKk3JU35FfF3rkQ2Grsq4gUP4yco6PhuMhzkDCBl?__cft__[0]=AZbFnu7HmfJ9-2AgEh8jf769mfA7AcAwE7srHbCvnopVFdMCxJXjR2wo-UpTMcb67QBVdqe5InjrI5Tc02RYBH_9HFp7IHa4LHEQDVSimxu316R7rMpo1O1OSnxGifcGeOzlLwURZbo9qdsHaFYLSHBM1CPmoGrjSz4P7nnTKoDb--VET3k3_RhDNUPpLD04K5g,,2026年7月8日 星期三下午12:00,0,,,,"【DRAM現貨交易維持清淡，DDR3與4Gb DDR4價格小幅走高，主流DDR4持穩】…… 
查看更多"
2026-08-12T23:47:41.579618+00:00,TrendForce.tw,https://www.facebook.com/TrendForce.tw/posts/pfbid0Xjz7aREQSMpRB34vqsVAYgc3X5iNUKbt9b3RhPXSraJeccDxkxpPzPzKi5DPm1ml?__cft__[0]=AZbd0ciwrwe6O6DoH4UB54UPicho42YFS_v_YU-XjMKlQQHfX7NTU7XZmKUeGfYeQ8K96mrfln2PohBtw64OY3Zn9cignPoY52paUZPyyAHKtBqujGj-QKKiLZJCo_n5GD_vWFk2IwUhOoyj7Rm4lqM4DnQ25zISysP5FU7bZZCyV5dIk0wEces1-rpsd8kJtaE,,2026年7月6日 星期一下午2:45,0,,,,"AI server 帶動 MLCC 搶料潮！整體 MLCC 市場 6 月下旬 BB Ratio 突破 1.04，Q4 將成缺貨關鍵觀察期。
 
#TrendForce
 解析 AI 推動下的 MLCC 結構性轉向：
https://buff.ly/FMTwLkW
 
 
#Murata
 
#SEMCO
 
#TaiyoYuden
 
#國巨
 
#華新科"
2026-08-12T23:47:41.579618+00:00,TrendForce.tw,https://www.facebook.com/TrendForce.tw/posts/pfbid023v11Gw1kHgGwsACqbrdLW5XYog4mwuNeoUuEQy1fQmbvUxFaqcyhj5Uztd5a3UATl?__cft__[0]=AZbvApo9FoDvBALW2WDymzyrAKivwLTLQ7_Tj6M9IVQlqfUMdGUzJ97koMQZFXcNMBFbWj-B6KLzcKoUfqFOMaX0jDNH-lhgqV6-2AqIxOcbUJUMKK-4s_NbHsVeyhKpi7Qx3Jgz19mT2KG3k5p8KTJUk6AhlCAXNhmaLGHG7HsRBRoItJr7jnQlWz32hBNV_0U,,2026年7月6日 星期一下午2:45,0,,,,"Fed維持利率不變，新主席卻拒絕預告7月底是否升息。新溝通模式將依循什麼判斷政策方向？
 
https://buff.ly/I745hTJ
…… 
查看更多"
2026-08-12T23:47:41.579618+00:00,TrendForce.tw,https://www.facebook.com/TrendForce.tw/posts/pfbid02TntoBjAh6wyavgzPEtthpfhvwVmrNyv3gH2snCRRZ7692C7RKkGsYqN1mRJ4uTh2l?__cft__[0]=AZYFEmaf72HpaZ39f3DCn4fcIh6x_53wWFRzHZLBdLW-yVarOiJdJ5-VxjjKKuFZXIVZ1FUT5PrPWHFMnVEAqTiYglsAywhazyO_R-x4Co0MJtu-MXmY2DCXi79zt_XFnBbGSUyIWfqvdOYsJH3FR4XdqEfbQl350nw989gM6UvESsuBPFF2fUvua5zH2MnpiBo,,2026年7月6日 星期一下午12:00,0,,,,"布蘭特原油6月創疫情以來單月最大跌幅
，美伊停火後市場情緒明顯轉向。這代表通膨真的要降溫了嗎？
 
https://buff.ly/okI86Nn
#
…… 
查看更多"
2026-08-12T23:47:41.579618+00:00,TrendForce.tw,https://www.facebook.com/reel/1584261596432309/?__cft__[0]=AZb-xhZ94zitb5ExSrvTO3EYrWMHczkvRjVIrwNbCiwt1u9CY08LyaIgWV8GueL_G4eCPeg1bJhCdsiNOIvkXB8WsrTOW2HuDp9CzjznHO3EesymvSmEOEelBPuILjLYElYhppFNCvvYh_OeDeiHv0qprAi5FpRtHBx_4w5_iAc-mHMPFF7sqjzGyciDxG6nZBB3tPmKELHky-4LzTs46YM8,,2026年7月6日 星期一上午10:03,0,,,,"Meta 計畫進軍雲市場，出售過剩 AI 算力。
 新聞來源：
https://buff.ly/NRUaTMm"
2026-08-12T23:47:41.579618+00:00,TrendForce.tw,https://www.facebook.com/reel/967370786334939/?__cft__[0]=AZaIoaAeGvtnySnmn0HxVxtipxw_4WDm1V7Za20akVEXmFLxkSBHKIBtiNbisQHdwC8VBmi8LwWmCGXgd3HeDrLzEU83MDH7Ufm4zSUVM2NEdJwH3kxS7huv2LfjMWJgYLaeICeMscbAGk-6B8Nt7e8Z-hE9sfXw7lwWnDuKR8WXU4pMWo7emlKjF1QTdpwavc9uu49-g9aG-ZELv-fatqMR,,2026年7月6日 星期一上午10:03,0,,,,"美光預期 DRAM 供應危機恐將持續至 2028 年
 新聞來源：
https://buff.ly/eeGjOyQ"
2026-08-12T23:47:41.579618+00:00,TrendForce.tw,https://www.facebook.com/TrendForce.tw/posts/pfbid02KFQcqTaJvoFDYRZG5ZaojSupWLRiboA2YFSofbo7nVUpKHjNVQibvtMfWg9iGekil?__cft__[0]=AZau9-PmZaK2at9JTukA6lNT9YZWwmkvlq45sNDDl1SHdf2lJnYCzaxgPxBbjFKlGy_qrrbl95VZWfP-WHFUg4l1AibxFe8VND8lFnu0cymxmXswPJxOrD55Jbhlzx5YNUr19TpRF1yiNb5624Fis1ka9YDk3_byTCXYohRXAAuVw3mVkYz4dZ2-shziSxYd1y8,,2026年7月6日 星期一上午8:01,0,,,,"2026 年第三季 DRAM 與 NAND Flash 合約價延續漲勢，卻因消費性需求降溫、高基期作用而漲幅明顯收斂。
TrendForce 分析第三季記憶體各產品線價格漲幅變化趨勢：
https://buff.ly/S5D5x8V"
2026-08-12T23:47:41.579618+00:00,TrendForce.tw,https://www.facebook.com/TrendForce.tw/posts/pfbid0Da979dwyKvisGWhhc2SWq6Hs4z2UervrVL21e3rtJF3PcumBCEcAJgHatRjJEjRzl?__cft__[0]=AZaGlUySJrhJjTuJGlm_7Epcpz8oLljh03R1xo0DlS2ayTZXhTWNIUIFDfREN3y99ZdGNhu1SmGYcmNrj2PT9Xv7CAY1-VSfDgozDSc9pRbUT3e1LbekQgEQF7l1QAo4ehoQnJbD46h6tMqjQ-5K7hLRluo19b4sORrmQLZXhJd7fguArnpk4_amEoDNe4AWvzM,,2026年7月2日 星期四下午1:35,0,,,,"為滿足 AI 與高效能運算需求，台積電正以過去兩倍速度加速擴產，全球共十八座廠新建或改造中。台灣為擴產重心，十二座晶圓廠與先進封裝廠興建中。TrendForce 解析晶圓代工產業最新產能布局狀況：
https://buff.ly/KFqTnqP"
2026-08-12T23:47:41.579618+00:00,TrendForce.tw,https://www.facebook.com/TrendForce.tw/posts/pfbid0zhgtDBSEVT6s4ZvMJq7p73LYqEbC4y496Y4LRQ5AxWAz9ePxDkA5Rx7Xxzet9rA2l?__cft__[0]=AZafgh75pi4gyaph9upXW2V05ZtU2bgZisExtqldG-haxnseYTLsfpvkJmB3XeOpda_rIUn8amxxAjJIdfAYUuBQH7Zjn5yNYGM4V-9ULIN768eRWmXzNQ2Jvs3RN1_bu-U9aKQg0bR7GXci84CZhTp6-OnjhIt8RDWS_S5Y8yG254oGywb8FqfEOK-Sc8JM-3Q,,2026年7月2日 星期四下午1:35,0,,,,"MacBook 全面漲價已改變市場認知！Apple 調漲策略自 Q3 起反映至終端，預料消費者換機需求趨於保守。
 
#TrendForce
 解析 2026 年全球筆電出貨展望：
https://buff.ly/WmC06Ut"
2026-08-12T23:47:41.579618+00:00,TrendForce.tw,https://www.facebook.com/TrendForce.tw/posts/pfbid02uuJyyMiYeGw1KMbpDBvXvcAFXLQBEHR6KeNuhhaEyKXc9HCexmLQMf8mcSD2afBcl?__cft__[0]=AZYlia9rplrMtGouCBF1amoMVUhjK0m-WYeYeiLKhi4bGsUrMS-byiDjb63E-I2oR5236e8jdkVhCAGt9djK6HyEKZSznHJHGpH5COjBgc_nFHscqE096bbXVz6T3bd2fx0caBX5P7tSujAZIGinUlNoKaRldq9VI5wZgEVybAs-oCw7HGxEJSR72kD4IvrGpNM,,2026年7月1日 星期三下午6:50,0,,,,"【NAND現貨走弱，供應商降價仍難提振需求；512Gb TLC晶圓跌1.03%】…… 
查看更多"
2026-08-12T23:47:41.579618+00:00,TrendForce.tw,https://www.facebook.com/TrendForce.tw/posts/pfbid027nY6KckP1vLoqWVQzoQ4BRLZtJTBXsQsjuAYBTbFp7BATYoXqa8J2ekzrqnMh47jl?__cft__[0]=AZaXGftgrGmvC_KwAA5BLQ13bOoXN-nnlaiaKTM8P91yExPHuDYhWReGPr7NPkX4saFoJLQPptGsYuQ7y-yME4u_eu_LfHIzH1FEuZCYEnr_4HCaI-soqdP1lGEEL-zegIb7Nr4SgYbRaCmR9EiEGTUeGenL9VUyNQIa7d4SAOYNH1lktBtQS4Vz0E6npLuCX2o,,2026年7月1日 星期三下午1:30,0,,,,"【DRAM現貨漲價集中低容量DDR4與DDR3，市場延續橫盤整理】…… 
查看更多"
2026-08-12T23:47:41.579618+00:00,TrendForce.tw,https://www.facebook.com/TrendForce.tw/posts/pfbid02S7ojJnr9d4sraPF2TaxkX5sadqBdM8fXiM2YrYTrUz8oMGSHmxTM5k4VzMizcXRcl?__cft__[0]=AZbHXbDEQ-wpU9hS8pPwrYxg0jMta3DDHXu-XaLqROHIpwaVukEGvmQp610oeZIljLwtxAF1C9CoVIWLZrdsh1pkNNFAUuhu7CtUccxU363Pt0Tr2gDyp5FuU7cZ3HYck5KBMbl_Nk4Um7QyjhOg8oq2Mx06b30u17xvtomv7KA4hnjSG9PrzA6Z75USAQtETTQ,,2026年7月1日 星期三下午1:30,0,,,,"AI Server、通用型 Server 與 Edge AI 需求升溫，晶圓代工產能加速傾向 AI。八吋與十二吋成熟製程產能大洗牌，哪些訂單會流陸系供應鏈？
#TrendForce
 剖析晶圓代工價格漲幅變化趨勢：
https://buff.ly/lcVPLmr"
2026-08-12T23:47:41.579618+00:00,TrendForce.tw,https://www.facebook.com/TrendForce.tw/posts/pfbid034VrX3JScp3mm48b1aLZwyp5TQBBHoY2EdcbQqt8hVncaqWCuu5DRDk67DXs3naBjl?__cft__[0]=AZYN-kG8bNcwkgUcjXcL3B5VLtPXkWo2svrTLv7hedIcycy29S4RIqUFzgFh5MEyh03K2DWs-Tp7Ewq_UWNz_X4VcPqUfGIPnNppOKdU3bDehfWzCBXV8USgoVfkuFbMahL8hF-uwqbMohR14wQz1vFdBiPuDyzTfXbp2aTMFWheiqV8zBACllSu5aHqJyCYySA,,2026年6月30日 星期二下午4:24,0,,,,"Apple 規劃導入 BT.2020 覆蓋率達 95% 的 OLED 面板，OLED 競爭重心由亮度轉向色純度與能效平衡。新一代發光材料將如何牽動 OLED 的色域與效率表現？
#TrendForce
 分析面板廠布局策略：
https://buff.ly/4ybj2ic"
2026-08-12T23:47:41.579618+00:00,TrendForce.tw,https://www.facebook.com/TrendForce.tw/posts/pfbid0EMu77KYSUR5vKexNiaJGUaov9oLr9PLyDoY59vkuMRrLigr86xqaKumV1QS4HC9el?__cft__[0]=AZbetfWYIeZa1utO9E4uQ8Nw1Dc-ee0YC-ZbUE1euCKNFtZbOazAwWsO84j-HUtx1yR1bRwFXtdyAC718C0nLg9_D1cHXXocOy8wCJFY2n8TWgSG55CIb3gN3GW263H2tpOm4zJoMCTJJ4rltkzyjfAhpB_lKREnrd9Lxy_5TT4wepBPYbeK6ZuI4v8zHcMFYn4,,2026年6月26日 星期五下午4:52,0,,,,"日韓MLCC主要廠商的BB Ratio自4月起呈現緩步升溫態勢，村田、三星電機、太陽誘電三家指標廠在第二季不僅站穩1.0以上，更呈逐月遞增格局；其中太陽誘電今年首季（1至3月）單季訂單金額突破1,000億日圓，為近五年來首見，進單速度明顯超越出貨節奏。…… 
查看更多"
2026-08-12T23:47:41.579618+00:00,TrendForce.tw,https://www.facebook.com/TrendForce.tw/posts/pfbid02PQmAqMYEdMAMZY3ahyct3EGVw8cgXfr81ZyhmTAAYGgAsZY2v2kL3KFdQp2daRY4l?__cft__[0]=AZaPfU7h6fDHpn2ATnAy0EVN-yfS3FOxr9eYc57nPzyWHAZCFh-DWIUiUoQZsZh6OiccKQ25dcEjKyJMzbzCUDX2RD1r4aYw6OF0k_tfhlnOQ2i59l6dwGGfUGSJBgblfU_SHtyP_j6do9VZBRWRL13FtPmnFb7ccH8CXGuuVLpj54AwWXALUzJ3rO7U6nmX_28,,2026年6月25日 星期四下午6:11,0,,,,"NVIDIA 自研 800V HVDC Power Rack 方案目標 2026 年第三季備貨，Rubin Ultra 功耗升至 660kW 後，併網與關鍵電力設備將如何牽動建置進度？
#TrendForce
 分析 NVIDIA 800V HVDC Power Rack 供電方案布局：
https://buff.ly/lIXhpxn"
2026-08-12T23:47:41.579618+00:00,TrendForce.tw,https://www.facebook.com/TrendForce.tw/posts/pfbid038MqwAyQNtufqji832c3SMgkuHgrdJtZG9v9SGDk365uEZzLeTAW7gx37jog1d9iCl?__cft__[0]=AZZcKFCj6jQIi70xqWXRMmfSzILRL5kiKWTuzU8M-nIT3CcYVVQQRBbVLYPEaNILmEAzJpuKqGb5KHycwnZ-PAtOhfCeSvJgXYFD14_k62Bb6Zj8x746GZDTrJmxuSyF-PzdnQEXeTj-eCQECUfGh6DHHdShv_Mu0qzdWj5tW5aFjxTzbZpVdtV47oskJXN_dow,,2026年6月25日 星期四下午6:11,0,,,,"Micron Posts Record Revenue of $41.5B, Igniting the AI Memory Supercycle; Next Quarter Expected to Approach $50B!…… 
查看更多"
2026-08-12T23:47:41.579618+00:00,TrendForce.tw,https://www.facebook.com/TrendForce.tw/posts/pfbid02jUqG9bFz7nb4donL2bas4j9JYgFcMEsESZTippG5LDJXcVSkmuA6mRxrwX5TX25Zl?__cft__[0]=AZYmafEcn6awlHbTECI5umhr6C8mznted_-oTiV3qicXi8cCim_AA36-w4yHO77-KhtkH-RV5dW_EkwI4KUTTR_5vIDV2gmwSt8Z7szHKxOiapvAtc0l_f4cACVoKYrkjKAdnbdKJ5Oe8T9lYz5KxNbgUqfv5FoZn1ITWnV0xhn1u34o_n6jIEWmhFNSe4mgLbw,,2026年6月25日 星期四下午1:13,0,,,,"全球全固態電池正邁向商用化驗證，握有全球 37% 專利的日本，要如何跨越 LFP 電池的成本壁壘、在各國競逐的下一代電池技術中勝出？TrendForce 剖析各國全固態電池發展方向：
https://buff.ly/CqfjIkd"
2026-08-12T23:47:41.579618+00:00,TrendForce.tw,https://www.facebook.com/TrendForce.tw/posts/pfbid02LUq9kmXpF2WYTRLWwjcDRGTgtAxykekt78bFUMj9coiQj7FX5bwEJKVxdZuqQ2Nnl?__cft__[0]=AZbe9SjItTwYGxFREjq4JwNf0KXI466Xa_501D1oySR-73sSphgC7UApE3fr4xPNxCEVMcXQKBgbCkVBGBpM-KTGHCf77xN3QrkBySOc8TtwkUDuFOLAegHauFTI3Dh-SbAE2Uwi5AFdmCza1H9M8P1ut43AsmGGC5HGydqMizxQLCq-K8NqxZZFHm3jlHwxGII,,2026年6月24日 星期三下午2:30,0,,,,"【NAND現貨價格拉鋸持續，512Gb TLC晶圓下跌1.77%】…… 
查看更多"
2026-08-12T23:47:41.579618+00:00,TrendForce.tw,https://www.facebook.com/TrendForce.tw/posts/pfbid02TgT731H6AjgZBLM4tkRqbd3megnrxLeDSbpHLtoV7yuhfSVLmaAvou2nCdxQp7crl?__cft__[0]=AZZYQnPLROpZe7-zUjnJ211gK4cIXPjh049zSQyyULPNwyhEyq_pTs0Q7MedJ-W2bTJWsMSi2mwkhJPnJyMDycY5c4xfNOH5Z8ZvCqfpO7_q29b4c_fun5FKOppXgAu0rH0J8SmnsqD_7ZyYmDPXZlK631cFxp1QXBR34rlrpVu54eMyMzBhw9lQxQz7qs11oyk,,2026年6月24日 星期三下午2:30,0,,,,"【DRAM買方抗拒追價，主流DDR4現貨價僅小漲0.28%】…… 
查看更多"
2026-08-12T23:47:41.579618+00:00,TrendForce.tw,https://www.facebook.com/TrendForce.tw/posts/pfbid0BxSMGWkEwnVDHivjemGFf5JZqJvnenssnZp9NDq6yZkiBemthASoMgu7A44QGn5il?__cft__[0]=AZZpeoCLJ5b2Hj9q3R9V50otk7R-_S-i8MPtBPbelA_0emTtJrBG76C12zm4_unbPBzaBCKeyIVaYcmwKghoi4R1K-4eghPrOj4pg-6l94gmT3j3fXOntqBuAR3wPY-baGhsWCFwphRhqbrOOCh2_56xQg8PHzVTziTV-n2rQaQ3ugIzLW9UBCGUJjUPldTbbRE,,2026年6月24日 星期三下午2:00,0,,,,"2026 Q1 電動車淡季不淡！全球牽引逆變器裝機量年增 1.9%，高壓平台與 SiC 逆變器滲透率持續提升，800V 架構裝機量年增 21%。
 
#TrendForce
 解析電動車市場最新趨勢：
https://buff.ly/od48nNj"
2026-08-12T23:47:41.579618+00:00,TrendForce.tw,https://www.facebook.com/TrendForce.tw/posts/pfbid022k57jdvq19CKwpNXUjCaEyMMLKfcnnMki5sLXeFnAnNLecSyZfJegwMdss49zCEml?__cft__[0]=AZbnHXTikkn1-CnRDVepmRRCHfLfc1V3eF3Rj_36vaQ0cZ3nvncEjYkUpwgGaRGm-enGEVsWEHL_6GP_Yxiz274zoI2o8wRXA9XTNzlJppImBSU68CMpYq0-5sVkCfA5Nj4SwA8ubz4GQlvyYuNfv00Y19E2Y7TGFlXYYJ6FWBQcuqAO-LsMMlJ_meKlYQQdVkg,,2026年6月22日 星期一下午2:41,0,,,,"舊世代記憶體 DDR2 也在缺貨！成熟製程 DRAM 結構性緊縮，迫使需求方「降規求量」，改採 DDR3、甚至 DDR2 顆粒來爭取更多供貨配額。
 
#TrendForce
 解析 Consumer DRAM 市場最新走勢：
https://buff.ly/HnetH6W"
2026-08-12T23:47:41.579618+00:00,TrendForce.tw,https://www.facebook.com/reel/1250885253626589/?__cft__[0]=AZZ-7_JsSVZoXomeNCc7cKgsmYrT4RJk3vkzSGWjhJMi6LsH5Y_p4IZocFZsNPYuOt7IDQUwJ8Fs6mrda__IuW3j-XSSPC8vyuBzea7WmP1wAL53FxkJCCLnEj3FJAb78RgGQAUEptxVWt_xwS_tIVv86rI8NoDE5AaBXF7jlsEyUPL1Ol4TuhoBxOi-DRRF2xvvo6lJs2tptQMP5F3NHvzf,,2026年6月22日 星期一下午2:41,0,,,,"韓國啟動 5000 億韓圜研發計畫，聚焦下一代功率半導體。…… 
查看更多"
2026-08-12T23:47:41.579618+00:00,TrendForce.tw,https://www.facebook.com/reel/1812840003425885/?__cft__[0]=AZZcxNey53XbHFjf1cBT96R3f6lAkEXi2TFWjvpvrTfR90sRYTUvRTS-ouw2CJa039-bUQpFMRzMUwLgqSDB0BkoVLXBc7xLZI5b6C8Cvv6xHtjNDMDyNUVvWFsjrnv_GXkx6K93vhdShSNbyRIQ2UDPZcQ71GnwS85aoyy9KepPgPhu59YJa33qOMmaXzP2yfCGvoECwgzZoqPnadUBkUnd,,2026年6月22日 星期一下午12:00,0,,,,"蘋果執行長庫克：記憶晶片缺貨嚴重，產品漲價無可避免。
 新聞來源：
https://buff.ly/6RukuLr"
2026-08-12T23:47:41.579618+00:00,TrendForce.tw,https://www.facebook.com/TrendForce.tw/posts/pfbid02qXHe8iZfRAPCHopF8NbXVsSBSdpy3YHEWJSrJf9gaLbezWNxVajFvkYuJCHY85xol?__cft__[0]=AZYF76DL6E6qXxePjK54wjE5MQlTSwgwR-G2fYu4M6V3nmjAogmC-meVKMOqqJgc5QXEiPte2uX0QTYysaE_7Eq8mNH61X0PDFZ5w-unESgdyW01VKvxwXWbTgubiTqRw4iazPnAPenuyHk9LfOcUTmaAtSB1qglvbo-YIEi-E6-UU72MA6U6JVP4zQctjzttDE,,2026年6月18日 星期四下午4:47,0,,,,"韓系 OLED 面板霸主地位將被動搖？華星光電力推 IJP OLED 技術，G5.5 產線已正式放量。
 
#TrendForce
 解析 OLED 產業新變局：
https://buff.ly/hzVf1DT"
2026-08-12T23:47:41.579618+00:00,TrendForce.tw,https://www.facebook.com/TrendForce.tw/posts/pfbid032sH8y2UtgXqm28Punh9Ekanz8xCHfWQPLW6j3RWYWmr47WNVxRiKyahQFgaifadQl?__cft__[0]=AZbVxCXbVQ6QhHJt5VjfsvjocwWaIN0msdUx-7Js-wC4BpFG1EiI-aLCuzyCQQ6ogm7C_Y09qVn3_P4wQdXcrlhNjNAaZwa-fGuqVnPD3WPXgQkZQf2LDvFCE4nL53xeQdgQVeDExCALqL6GvCWsYAITVVk2EHsqjBJdSMfmMsXhgoUY7nxmFj8pcq88lzLBUi4,,2026年6月18日 星期四下午4:47,0,,,,"【終端消費電子需求疲弱壓制買氣，512Gb TLC NAND現貨跌1%】…… 
查看更多"
2026-08-12T23:47:41.579618+00:00,TrendForce.tw,https://www.facebook.com/TrendForce.tw/posts/pfbid02M1C4B7MAL7S4jQMuDTe7BxzGsNMQ2gT6xGVm1fY5LRYaBSmGX84Qygkw8Mw5fRmLl?__cft__[0]=AZYpByVm1zZuH8DY1fFhjP0M9LFiFM64HZcaTRju_sm-X5xMYaGJZMNmt7O_HW1LT7SimDb2hyAbdtOnGRFje9J8hC4jowJFlk8Cclc3qV6YbTXbkHjzTZwcmB7WVacl4-LymWyna_y6sOjJHP83ZIYfKkpYKyX1jc0a2S_cI6ma9CnJ_J_V7xFWcexIfysZ3c0,,2026年6月17日 星期三下午5:00,0,,,,"AI 需求爆發驅動先進封裝加速演進，面板級封裝成為新戰場。TSMC CoPoS 進入驗證關鍵期，台灣面板廠如何把大尺寸玻璃經驗轉化為封裝優勢？TrendForce 分析台灣面板產業轉型路徑：
https://buff.ly/87JWjK7"
2026-08-12T23:47:41.579618+00:00,TrendForce.tw,https://www.facebook.com/TrendForce.tw/posts/pfbid02NLx2AeMoAoTW3BdQF5A66eWHqb1K9YpaeoK2Y6aMqzrKX1khkjtrDorij8wRZ28gl?__cft__[0]=AZZjGoX_OfnbzISWV1XhjGJ49hIB0vjqkPidTy_t3kc0YHPERUNTFemlLmVclfLQHS1y3MpQ-y4nQKFS2Is8oFxbxSQPPR8H4oNWBcN8Mf6RXTohWphkMvXPfDpwW4PqEMMJINIpRlgJ-2bZFccBpkilFwW0hrQEDY93O4Ma2h9P98pXyTmoGErqdpvDWX8UD68,,2026年6月17日 星期三下午4:30,0,,,,"【DDR4供應緊俏推升降規採購需求，DDR3現貨價格穩步上行】…… 
查看更多"
2026-08-12T23:47:41.579618+00:00,TrendForce.tw,https://www.facebook.com/TrendForce.tw/posts/pfbid02odRUU4wVKKMZoPdN1rVyUeQcRSfpQ16ekfAqJtqH9Z4Ss5tg5KnAvCfxZPw7Upiul?__cft__[0]=AZaka5GXLilblFK2ba3MEi88gbFb6YRiYVpEI9bgnDMYWyHbWhP68rlahHnEoiyzFE40ypj1Doo85Em3oT904_r6N969op4coLkO6B8CMiAWDC63RwwKM3fpUMU2U-4GBCcERDeOxTdYTZSqm6p82jjDkfWpe0AwDyPY-ClZsG-lu5LnZdDiempXmX1qyJAxH24,,2026年6月17日 星期三下午4:30,0,,,,"AI ASIC 平台放量推升高階特規 MLCC 需求，供應鏈正浮現結構性短缺風險。當高容值品項用量暴增、交期拉長，ODM 該如何提前鎖定產能？
#TrendForce
 分析高階 MLCC 供需緊繃牽動 AI 加速平台量產節奏。
https://buff.ly/0OdqRl5"
2026-08-12T23:47:41.579618+00:00,TrendForce.tw,https://www.facebook.com/TrendForce.tw/posts/pfbid0DXX4XYCHD2JSSi2r2Eu5DmEPZKBPn78wAu5UWo2XjLjUa5zqo62DB4fAanQ765Val?__cft__[0]=AZbv8UOQ1eIvlHx7IjCwE_ObCs81xTAvUALwe75NapUd2kZQEKWwk7nECfD1z7tHYukFc8iLuhMWNHwnYlyS9DQX0p1EPJ4eInH60zbD-tLl6JdCM1mJ33j-tb8aWSyAWjl6-Lkkt5_AxZ1JGxQUB2rMCEmpI99lUtjhPnI89p3YlQM1fNbwylanChQouAOqoRs,,2026年6月17日 星期三下午3:54,0,,,,"記憶體大廠產能持續向高附加價值產品傾斜，排擠成熟製程產能。當車用、邊緣 AI 與工控需求同步升溫、供應商卻無擴產計畫，下半年缺貨風險將如何牽動產品價格走勢？
#TrendForce
 分析 2026 下半年 NOR Flash、SLC NAND 供需概況：
https://buff.ly/PMO8axL"
2026-08-12T23:47:41.579618+00:00,TrendForce.tw,https://www.facebook.com/TrendForce.tw/posts/pfbid0bZVi7A6xzK1EXUM7FEP92d4kST3fTNXjLsmFctUvZNnJqZefvzAJUmG3VkHTX9uZl?__cft__[0]=AZZTExeH2M1U0zrn0c4BOdC3UuExGw678JRAcbjlTc_5d3sK6w-SZk_nidaXsPzhXAYhljziJuDmP78m2qYJ3shpi8F1IpIwLkUrhmgLZmvD8Y4uRz3bIEO7pwLLTytNQSumFSUfO6rc3L0ksR8Av0cX900ipAtkyL1cAXGuMp0XakWAN2RryaYb-aBb2EHNE10,,2026年6月15日 星期一下午6:12,0,,,,"隨著資料傳輸速率邁向 400G/lane，傳統銅線的損耗與功耗瓶頸浮現。當光學傳輸需推近交換晶片以縮短電氣路徑、壓低系統功耗，各 CSP 如何在 NPO、CPO 與 LPO 三大路線間進行布局？TrendForce 分析各 CSP 部署策略：
https://buff.ly/dSgUkja"
2026-08-12T23:47:41.579618+00:00,TrendForce.tw,https://www.facebook.com/TrendForce.tw/posts/pfbid02y8H5u6BcAuLYeJ1SnzSG3SXSUWFr1d2L16pirVsuPajvb4RLf2QfbaU2iYS3hYsUl?__cft__[0]=AZb0J60ABiEraHEmd4JFMrTQXgGgkHZgBIzy2RyPTDgJjBoxDeaCRMQCi5B23Q3kKf2tzCiBoW1Q8p0hA4VBOX_v_1bVMuCA5kVL3KwDauoYhdTcY2O-4Kk-qGQIGXzXPGA4hzdWDBzZUL_H-Pn9hT6yajbhfTxsAQADamNYruZUbro3oltaokxP3ZVuJjl4z64,,2026年6月15日 星期一下午6:12,0,,,,"Taalas HC1 推理成本僅 Nvidia B200 五分之一
Taalas HC1 如何捨棄 HBM 與 CoWoS，以硬編碼架構實現 16,960 tokens/s/user 極高速率？看詳情
 
https://buff.ly/Ejw0KaS
…… 
查看更多"
2026-08-12T23:47:41.579618+00:00,TrendForce.tw,https://www.facebook.com/reel/1771771717530100/?__cft__[0]=AZZ91P9rchYbfT-SY2Xi0fOLfl_SU1s4OU2JyQilYMzoNk0ek62CgYq1znzCTtoUjs5a6oFIYw2FkFrWY4q0efj23YbqXyowm2C9uX_OWl4OcBNdGwwZUFw7DYfRlq9hdEpj7CuD90J12tsfj6RQ7G-Ydk332rdH4fu69BuNFinEQ7Cz0DW2XLqUT7hzt2bhYhik2I9d-Vc8a688Sr_W9uMH,,2026年6月15日 星期一下午3:01,0,,,,"部分分析師認Google下代TPU仍將由台積電代工，英特爾只負責封裝。…… 
查看更多"
2026-08-12T23:47:41.579618+00:00,TrendForce.tw,https://www.facebook.com/TrendForce.tw/posts/pfbid02HFeP4dZCrf7BB831fXyqM1aLXdWigKHaEwJqe3D1hum2pH5KpoEecAQ6uwKPAEhyl?__cft__[0]=AZZtE6yzjGD7WeVEOzo0dwyJ0nClh8pvw0LETB2D4rjzzpjGypq9pW0dIJ12mHHE39Saq4bhkzHnl_R_tChzv5oBQ1_31IxuMPRcEq1jr_p-vlz803Ph5M9fpSsZsLrIy98afqUz6GfJUeg9k52KsRuQXuTdWVQi_BMCYVqZkCdlW0tl40R-tNLdRbRBQg2_SKg,,2026年6月15日 星期一上午8:01,0,,,,"第一季全球前十大晶圓代工產值淡季不淡、季增 3.7% 再創新高。產能利用率回升下，晶圓代工廠商陸續預告下半年代工價格調漲，將如何牽動客戶備貨節奏與全年供需走向？TrendForce 分析 2026 第一季晶圓代工營收排名：
https://buff.ly/al9GunB"
2026-08-12T23:47:41.579618+00:00,TrendForce.tw,https://www.facebook.com/reel/2404545343403793/?__cft__[0]=AZYuGQV-ZBOjdzUysjJEjm1T2JyXZw_OCOBB8vltA81jkz5SB1Pw1-Y7CaqCQCP3S4WKaGojBlO8Ae4e2YRpe0MTMDbv8eVKzlB9EtddXnvNhn2xycm5-I6rJvvwkjr2BDqSaOje0y25MXdu-wC3HjZECYK7JERnZaP9i8JptqBdhGIi9nZ40pTjb4_jLmaSRW_HzgytQC7PQ_FE4ICd9Vw0,,2026年6月15日 星期一上午8:01,0,,,,"Amazon 與 Corning 達成數十億美元協議 供應美國數據中心光纖。
 新聞來源：
https://buff.ly/mJyAOiv"
2026-08-12T23:47:41.579618+00:00,TrendForce.tw,https://www.facebook.com/TrendForce.tw/posts/pfbid0qKnkCvwsWKG2aBtdqxYAwxSLYC6CKkVBrNCgkYcCw7UcjiPdcjQ2CnD2J58FPdil?__cft__[0]=AZYWNuGr-mSyl2uZdicalQMThB7NesvoNzy15agslFYrhygkaNJWKFrvJinF9zsMYBKPqEUnYA7tP1OavkBHOzLDC680Cp6z3FDlnvrQlMmUeYMP9JcNd1iK6A1sEt7DC84hiXaosAuEPvy7kn9qzFFZN21uIvJ7YAbLbr2LvcXUfW0QDQOSCiObvW2TG46gJiw,,2026年6月14日 星期日下午3:28,0,,,,"AI Agent 服務普及，Enterprise SSD 正轉型為支援運算的全新角色。面對嚴峻的供需失衡，供應商如何藉由高層數 QLC 技術，打造高成本效益的 DRAM 替代方案？
#TrendForce
 分析 Enterprise SSD 品牌廠商策略布局：
https://buff.ly/6xDyJJr"
2026-08-12T23:47:41.579618+00:00,TrendForce.tw,https://www.facebook.com/TrendForce.tw/posts/pfbid0r54yS9jLqyPaPyfTZBTeaJxMicYKpF6g8gFSLD2o9LreRR4PezaRjMTn1ZvkeZMZl?__cft__[0]=AZaNEFz_6q1ewfpa8RzGtub5Ul1P5TuVJTs0IGQYjo9Eob7MkxmYFv1UIXUzFTCT-UNgMeOL5lROmAXfw2hrTH2VpfBJT24HmUw3x5xbB0_6fGD05VpKj_RXYC0TmvW5NxYgRf2yTWSNjOgdL48kCT6VwA4nldM3lP5_XAM0HNluSyJhf6lEp1HShJG0wyNiWTw,,2026年6月10日 星期三下午5:29,0,,,,"AI server 迅速崛起為 LPDRAM 新主場，需求動能不再侷限於智慧手機。當供給僅能滿足 NVIDIA 約六成需求，次世代硬體規格將如何因應調整？TrendForce 分析智慧手機與 AI 伺服器對 LPDRAM 消耗量變化。
https://buff.ly/HCGjaUi"
2026-08-12T23:47:41.579618+00:00,TrendForce.tw,https://www.facebook.com/TrendForce.tw/posts/pfbid02fGVoBG1Rbqh7RAQaRRzhY2KbHS52TKa9jRaJ6Ndff5xRgzezDUNQLdTdgw9hyitl?__cft__[0]=AZbndbmXUdxqCTsCXxK3Fb0CbHYKjW2yIs0U5PLVMlGOZ0UcckfRtnq90IB3392Ei4kMq_BVel6k6HNIoGcK8gTgYm1zG3tmq8eIzpR3gTSuh9F0NnDU_8z00z12acYn7WKFffh1PfLwhXpsFYT03OQYo9npmYBHzB8vnhTuk9j-k98O2dSBnAREqpfkOcBYnmM,,2026年6月10日 星期三下午5:29,0,,,,"【2Q合約價上漲帶動，NAND現貨價止跌回穩 】…… 
查看更多"
2026-08-12T23:47:41.579618+00:00,TrendForce.tw,https://www.facebook.com/TrendForce.tw/posts/pfbid0wK7MANuuRaax3dhTtPrpkeWncXFHJiHG2m7y9opvyXQ4aBotsxr4ZRdXeQVHVkLPl?__cft__[0]=AZZvV5j5V1c9Aig6jG3tUj6edqvx2XgjlIXYxmOL59QILlFkki_daHjnZfbokn-sWVPSibcMg1-9rKBMLX-SHtuuk5BgNZM6yqNedu_RRCcE2QUxmOHF6qx0LL7LggpigkAEvtMc1-5Plf4hg_F2ftPY4u1g2Bfq6Pug2RrVPgxFE1dwi7k2ca1hCiese8ErL2A,,2026年6月10日 星期三下午2:00,0,,,,"【DDR5現貨買氣續強，DDR4供應吃緊、推升DDR3價格】…… 
查看更多"
2026-08-12T23:47:41.579618+00:00,TrendForce.tw,https://www.facebook.com/TrendForce.tw/posts/pfbid02oGteVy3rnG4Bcig3Q5Si4THVCHmSrxU9vryJjMHJHQa79rXrCJpQpPcXNJHSfFt6l?__cft__[0]=AZaXQ9maNQU4cPrLDqpdtIZSYSBR1oxgkR3vLnEzp5MrkGJ_wmOq-UloJVKDQzL-T7ySlsV9Y1i6oeh-85ntJBcfLeP6jlOiINqAaDDI70dUX_s3XKAbg-6ATgrkGQ8FBRlzLU2tJvyWpJ1-ua2vz2ZBuAc4385Ke53uSeXVKNEzo44NWofuN2FC_5pCBAi1l8c,,2026年6月9日 星期二下午5:39,0,,,,"記憶體漲價正衝擊 2026 年智慧手機供應鏈，全年產量預估明顯下滑。面對成本壓力，品牌廠將如何調整產品線以守住獲利結構？TrendForce 分析各大手機品牌的市占版圖：
https://buff.ly/iPbi0xP"
2026-08-12T23:47:41.579618+00:00,TrendForce.tw,https://www.facebook.com/reel/1910529386298383/?__cft__[0]=AZYj8jCipUAEjGmxW_JhZY_qtotvC564LObt0oEXoiwdk47XBBPOBQNSUndZW3RDvAR_hyb7Q6tbIEfumRuGTJKGwrenpuAHvMRadyURliVyu8QGmltv_gXC_B6_6LzjG__qCH8wce-OtnWc4wGJH-bPu5ERBZEwppnSHIpLznsrMLVLJtv3hte4Hcw3SLsJAstk_lrGcZwgn37UU2xpm41d,,2026年6月9日 星期二下午5:39,0,,,,"三星Computex展出HBM5原型，與SK海力士交鋒。
 新聞來源：
https://buff.ly/3cbm3gJ"
2026-08-12T23:47:41.579618+00:00,TrendForce.tw,https://www.facebook.com/reel/2136134790564881/?__cft__[0]=AZYZsJQ0YmvPQ9xXOTlfdJGSVw3VfcM6LaJ3EwGRo2GgLLelAxp7UGYUiFYEllovezhotfYyMLAHzRsZyKEhRS3QlHh4o7d764Wzb-Re-VENcfAA9pd-EQRwQuz9kSPNpLQAlnoUynCuwrO64ONCR3fsgdHOekRTMtz_XYfsp4oIbOicPxp5F0mTNClVlDApbpQ24sVNIHspsH2sjVSej8N2,,2026年6月8日 星期一下午8:00,0,,,,"SK海力士清州廠區氣體外洩，傳不影響記憶體產出。
 新聞來源：
https://buff.ly/z33jNCu"
2026-08-12T23:47:41.579618+00:00,TrendForce.tw,https://www.facebook.com/TrendForce.tw/posts/pfbid02Q4soS5wadQ95UKQ6jacSKBDFbgahTeEXuqJD1LG2zc1ftz5HNtJs4yQyyBsgPaJjl?__cft__[0]=AZarhDbjr-SAjGoBNfPhp5BH5SQyr_T8Y7R2BYQUkSyBYWwii1BkI0klOXiMLbOk5LHcEfHPYbhu83_0hZC_0I_lOjSiqDKenYfdsc8LIF84m083us1zTURhhE7aBWCfg_L2E9eHtLVplSsCpVWVLpX5BzU7w5_fU0H-bOxjiKIZOVwlsriI67NqX9zvgPLg0k4,,2026年6月8日 星期一下午3:32,0,,,,"SpaceX IPO 動向受矚目！除持續擴大 Starlink 衛星寬頻版圖，更積極布局手機直連衛星、AI 太空運算及太空太陽能等新興領域。
 
#TrendForce
 解析太空經濟新成長週期：
https://buff.ly/eCjAFOE"
2026-08-12T23:47:41.579618+00:00,TrendForce.tw,https://www.facebook.com/TrendForce.tw/posts/pfbid0rwXNHnRDkYC4MXFNdz9pi4UJVHiXR5tzuVmiXS53ciDsfxyydCDxStHpLmVV4Q1Vl?__cft__[0]=AZZQlDRnwLOdwsjUoZ-W7YmJqrcPgoMj5tAJ3UpIwrdpuHQGm42r8j2kivgp1FlmsKrEbItjsAkqG1FSjc1L60WNajnkpgcD4LiDkEPaYqHNqBgHTdKatzI_LA3zkXux_crKZI4xnHg1huGVnH0W_PVVqxvrQeTVR8ybQxqRnABrGY1NuNSceeuhAEbYRImRLWs,,2026年6月8日 星期一下午3:32,0,,,,"AI Inference 應用的晶片新創起跑
CIM、晶圓級整合、SRAM-First 多路技術並進，各路架構的勝出條件為何？看詳情
 
https://buff.ly/Ejw0KaS
…… 
查看更多"
2026-08-12T23:47:41.579618+00:00,TrendForce.tw,https://www.facebook.com/TrendForce.tw/posts/pfbid0hzzejWwHrLSRxzcyP6Jin9rgq2WDJEZXaa6eajkVK3ZhjpVHdWWjpP3m7QJf5sxRl?__cft__[0]=AZZg-m8lcWPuOYz_SuSKzzJupPkE-V3njGF7_WIuSQDFvOr9275AA4eBdi0KrQi-LT_jdyEhiRad7MvAvj06OpVqHIj92XjIwNZcCHHYGKtPTmZoof23oI-aPJAU36EuNO_Rzt1eA007r-et-Lh_gQ1_AOD-JLPULPhLYARBovssxN7Lu08KLBK46cPyv3MwSaE,,2026年6月8日 星期一下午3:00,0,,,,"Nvidia 於 Computex 發表 RTX Spark 平台，首度將 CUDA 生態系延伸至 Windows 筆電，將如何帶動實質的換機需求？TrendForce 分析多平台架構正快速推升 AI 筆電滲透率：
https://buff.ly/8ZiloJr"
2026-08-12T23:47:41.579618+00:00,TrendForce.tw,,,,0,,,,"【NAND現貨報價短期陷盤整，512Gb TLC小幅上漲0.22% 】…… 
查看更多"
2026-08-12T23:47:41.579618+00:00,TrendForce.tw,https://www.facebook.com/TrendForce.tw/posts/pfbid0HZmv5VjxQCCEUUKLJQPZZiWNzxaW6mN9hTPhtK2Q7hJQb9zX6gEykMGHjSCMrZUMl?__cft__[0]=AZbf0rz0BOnckzTqMXyalDUkbLdyvgU0e4o4IDCm3nEDuCc5sqzLzWLHU3hnSFtHaNBJT2pxSQNueFon513H0UGMZVe9eJAIIm5NDCihvcCSvnn37bAhzbVh9hCMHNOO0UYMCsbVuKSJ8uJm4_8FYLxIoElr4C1V6Pv7DkOC8PPkssKJc1SYpz74qHf-p41-zLw,,,0,,,,"【DDR4與DDR5漲勢延續，惟高報價壓抑採購需求】…… 
查看更多"
2026-08-12T23:47:41.579618+00:00,TrendForce.tw,https://www.facebook.com/TrendForce.tw/posts/pfbid0BrefR1PHarp3PnLH8tDReynKnjp7pxRTTLRrsWvTigi4v7tdzUxN9qVVh8ZjLE93l?__cft__[0]=AZaH61j-C9vvjY2uihlQgrxK9ffLhs6gXMGSI7QN9_56cXQ4tBWgpMeHm2X5O5aMSYv76Pf6MdgNDm1V3YBP-ieYaVcmuis5p4jyOqtaWBqbvzwtAAeDMQ7k8cr10S28_rHDAuo8fcAfHZLL9xM6M6jf_eGADvGGkm2q-WwVmLwJBIMDDXBIXwZV1PC7dhDwhPM,,,0,,,,"#AI
 資料中心帶動 1.6Tbps 以上傳輸升級，EML 與 CW-DFB LD 產能進入倍數擴張。AI 運算需求如何透過 NVIDIA 與雲端大廠的綁定產能策略，重新決定上游供應商的排名與技術路線？TrendForce 分析光通訊晶片供應版圖變化：
https://buff.ly/BTCGRTM"
2026-08-12T23:47:41.579618+00:00,TrendForce.tw,https://www.facebook.com/TrendForce.tw/posts/pfbid07MxxfEqFZm4s4XJRi4H3L47Z3cY7PahrWuC8R9pyLNceygNtN5RLUY1i6x6uXQ6rl?__cft__[0]=AZbK24wGqXx5wOOmNf2t6CJ7Ffxrv-UeisX4tCpvP7wqEHs_ZeLn1JkzS7JUJA153W0dLhXrAZdzoFWK0OwlsaIkJgc4NnjKsYMDKDpRvge0uc6ogMqo4ytEv9kYgHxYazmymHs-OMvZJNSqeb6Jo0fH89TC3FAU9xgmn9SipLoqCyfjh0cyjHAi6oHf09ogx_8,,2026年6月2日 星期二下午4:24,0,,,,"2027 年 
#HBM
 報價恐大幅調漲！三大原廠正針對 HBM4 供應進行談判，為反映 
#DRAM
 供不應求市況與高製造成本，賣方將掌握明確定價主導權。
 
#TrendForce
 解析 HBM 議價趨勢與市場走向：
https://buff.ly/iKVBiQx
 
 
#記憶體"
2026-08-12T23:47:41.579618+00:00,TrendForce.tw,https://www.facebook.com/TrendForce.tw/posts/pfbid02BwnJwJxXnPQVGpERYm2FfafDxWkUaLmqBGcfTMYFkHrtHBLEe7i87fNX4qcHSmrhl?__cft__[0]=AZa2yPOEdVPrj_oeZUHIHiQHc1mc9jTBdtYhU0_H26_FttcEEGUtZpTjnzSSeq8PNhn8hVzUAKTEerhAgQeoOpbqQLxDhcbIDa-ZEZdcsxUxjqq2sh46U4KxJrNt18jyxMMr19MlSKUKYlb2M-8NS5iF_zF4wofNvWtUJxd33VwmmAvaJBGOtux_6sHu-Dw8VuE,,2026年6月2日 星期二下午4:24,0,,,,"【CompuForum 20th】席次即將額滿！
全球 AI 伺服器市場上看 8,300 億美元，算力、電力與成本壓力全面爆表 
…… 
查看更多"
2026-08-12T23:47:41.579618+00:00,TrendForce.tw,https://www.facebook.com/TrendForce.tw/posts/pfbid02cRqi7N8uXrmYiLpAxZQ71wPuT8DeJ8dkjfrGb5UVNzP3V8oLjedahJMBxQVbzdwWl?__cft__[0]=AZaLpTu4DkjI2aRY9qSh4FY-Nxfat7V53lRIqXb9oL57W8raMyfuSnS_2u0Jn53NmzD6tKu2fbB6Vzh18n0WKWjOLD9w6_-fW6qS3IwWiFyKDNemg3nQsUgn9IDpBnqAIpboIw38Q-JFxZ8yxSdEB2Lp0uUiCeDjGt2b_G6jHWAetfSTvN8WHL2QgnBjK6DCQpI,,2026年6月1日 星期一下午5:01,0,,,,"DRAM 價格狂飆！AI 應用由 LLM 訓練轉向推論，CSP 記憶體採購也從 HBM 擴大到各容量規格的 RDIMM。
 
#TrendForce
 解析 DRAM 漲勢與後市展望：
https://buff.ly/gIVpxxJ
 
 
#DRAM
 
#Samsung
 
#SKhynix
 
#Micron
 
#記憶體"
2026-08-12T23:47:41.579618+00:00,TrendForce.tw,https://www.facebook.com/TrendForce.tw/posts/pfbid0CXxwnjT3xSXKeVy8u1WawGd5cdjYewvrHCkXmJUJyQqf2cFPtgemvMAzuwtHx33Ul?__cft__[0]=AZb2GiGnhm6wOHHYuNTzmdOrN3v2vkZVUadvfS-vbqRa-OQG0QH5yyeC4WvRM8Q4bMSBOQHuptEx48KS9ULgS6AVoo4gSAWZqhWGPkdwlmNd4ldXLxvA11tuWbmu-zbUKlqChLjcETODuFaNZtvYaJO407pehO8i6nhygTemlmJLfSBI60PWAxz2qS7C5zUTgXA,,2026年6月1日 星期一上午8:00,0,,,,"物價上漲與利率維持高檔，明顯擠壓消費者的實質購買力，不利於下半年終端消費市場發展。然而，在供應商減少消費規產能，與筆電ODMs苦惱關鍵材料供貨短缺之際，MLCC代理商與通路市場卻因日益增長的AI排擠效應，對於消費規標準品產生「斷供」的集體焦慮，因而開始沈默囤購，也讓市場出現「ODMs需求下滑、代理商訂單卻上升」的非對稱供需景象。…… 
查看更多"
2026-08-12T23:47:41.579618+00:00,TrendForce.tw,https://www.facebook.com/reel/973795688818158/?__cft__[0]=AZa7X66O6xwHsFZnAlNHpvRngzK9DnjPHzvNHTBcyQnAmF4ZbWKDyUDvZ7Z2XsNc3Y56LaX8ibe5X-VpclQEgTN0k6Fg_OnKtlmfbZb5s2jFeIE2tDUmD9oAoQcX0dkoFL_1QPocZG9QmZhNUSjUNJVMGS0hXr2ijyuCieE_5OSWhvjZ7lBNTNgDPTv6v9cB3nsyGidYjrbhI0saOSBmkaHr,,2026年6月1日 星期一上午8:00,0,,,,"供應鏈指記憶體、基板廠未接到訂單，輝達Rubin CPX下半年出貨恐生變。
 新聞來源：
https://buff.ly/3d24Iel"
2026-08-12T23:47:41.579618+00:00,TrendForce.tw,https://www.facebook.com/reel/1015744571131285/?__cft__[0]=AZaU784GI343enenWNVeytCIEeYjNsezuleaOaIvtqciU2Ek4wmguSYbOtMaOZWcaVHgxc-HL2rtQ6n-bugM-z_MI2TCnMYLEYVDe2QGikJCv7rNv4UUzCoSsI-5e4oY5ucBWQxCHx2QL2eeHDFarsyti-P9RYBEnDwaq1x3rdrTKCttAVt-Zsub03gJJ8PtsIj_W43T_FKSpeB6SJiZhLDV,,2026年5月31日 星期日下午5:11,0,,,,"DDR4 大缺貨 美光 1α DRAM 美廠投產、打造本土產線。
 新聞來源：
https://buff.ly/BwZng9l"
2026-08-12T23:47:41.579618+00:00,TrendForce.tw,https://www.facebook.com/TrendForce.tw/posts/pfbid02QuarAUZ4gTwmzdxRgsktscLQ5E6G5sFjRFeoNZySZT44CgDjh6EV3zhNK1hnoSyGl?__cft__[0]=AZY_D1GkQHnJGamHPOwzktql0qnY7JYhL2Nhh-2w3HOE6qeEfxFctZoEuWT4iBQvQngLIm1OyOOBRxJ9qIJ5lXi-w6-cniWKLFefv6EkEGOBZJXSeeZBcIXiWar_oewTfsiaoe17E3pBDVLnbicnbnbZWpIeoKwikSymR29YfOzJFuvWYDVL-mBdKndOPubWtUI,,2026年5月29日 星期五下午2:29,0,,,,"AI 發展轉向 Agentic AI 正推升記憶體需求結構性擴張。
 面對龐大推理負載，新一代 AI server 架構如何調整配置以克服算力成本與產能限制？
#TrendForce
 上修全球記憶體產值預估：
https://buff.ly/gXa0oLy"
2026-08-12T23:47:41.579618+00:00,TrendForce.tw,https://www.facebook.com/TrendForce.tw/posts/pfbid09Y6vN5uqzaQfopBdzTDPR9dQ7iUtCMXEsekmgybukWwAynBdis5h7t7wUUT5soKDl?__cft__[0]=AZaWvte2lsGhXXJkCBY1phj2Lpw_ud4u6Gldaja7qLeHbs-iWWA2GV0NNaS5rIZfJxJgqJHecU_HO2fxWHbDpstSXZUVndb67wVBA33qZGmA_dnSt4qY_2XUBCNKfmz2hQkR5566Ja8u0AD4Mt1RE5vM8K57LcqjEDzoVLRMS3T9ZW6Gp30yDkkD59YB7X9lJXE,,2026年5月29日 星期五下午2:29,0,,,,"2026 年全球新能源車銷量預估年增 14%，相較燃油車仍具成長韌性。面對車用記憶體供需失衡，車廠如何應對高階智慧駕駛車型的成本重擔？
#TrendForce
 分析新能源車廠策略因應。 
https://buff.ly/WGKCuwa"
2026-08-12T23:47:41.579618+00:00,TrendForce.tw,https://www.facebook.com/TrendForce.tw/posts/pfbid026Z1B9dku6P3HuHEV2avaZCyk4k7to87ZGC8dzkhi6N3ZzQsqPSTHUG6m8Kh5ncJNl?__cft__[0]=AZbUagepe3bhaf3QUP6GK3wpMUYm9L-7qGLdbck3YN2UED3bJEMg4PA4kpvtNjapInGnhAzN31VOb89c5joksx62WVZdkVDedmtpHGmulN0tTHdcc780wJS95t5uTD44puLmTNhpnFDRacdz8EtJygb4VIQXWSM0NT6f5hwOC-w6TfZwxKKEhunl8elfgR01Bzw,,2026年5月27日 星期三下午5:23,0,,,,"【NAND現貨市場續疲，僅零星急單支撐；512Gb TLC晶圓價格下跌0.33%】…… 
查看更多"
2026-08-12T23:47:41.579618+00:00,TrendForce.tw,https://www.facebook.com/TrendForce.tw/posts/pfbid02V7fkjSPMaxn14NGtRahMEACLuVZuNNBmjNFsQLuw3NgFNLhFrytqHWSY5k9Ky6LHl?__cft__[0]=AZbKR43UIGwRcMZy7BJeaAT30mn2Osqpogr_gMfcNRkEPXx0STrSmFDol4gdCxmPkVpyEheSOotnUsBntS5uWcID0UAZlWQv-eUR3YSewJXHTLs4RXZ1s-O1vGraGguHHaD9Ufg-WwPX2-TIchHzUX4UlMBwRiQ8rxaCEUYT91J99Ul6ZX3Cr-aR1nYc7zHtdLU,,2026年5月27日 星期三下午3:00,0,,,,"【DDR5現貨價漲幅收斂、交易轉淡；DDR4止跌反彈】…… 
查看更多"
2026-08-12T23:47:41.579618+00:00,TrendForce.tw,https://www.facebook.com/TrendForce.tw/posts/pfbid02VccKB9Pdc61CG1T4ZHWgauwFmJiJGHJpL4wFCTkzf2gGcHifkfeqiLhwmYDD6ij8l?__cft__[0]=AZYRpOCcrnC07epii3KqfTNSHwEhU0j_RsfR9zRg0VnvVsT0pk9un_JcFHUFZ9flMkPkz_yfy0Dtj_3RznpC5MlNk3z7le0qArtee53iEm9HwKmsIBtZrNKniKxwKDH9k-2MBJRHyRstakaBgo4FAzMXzEZ_TUQ5kRispJgzcgFt4xchhjwUEWIb_0aAWJxQgvk,,2026年5月27日 星期三下午3:00,0,,,,"北美 CSP 大舉調升資本支出，AI 基礎建設已成長期策略核心。面對高效能運算與自研晶片需求，供應鏈如何因應這波超大資料中心擴建潮？
#TrendForce
 分析 AI 基建投資正成為 CSP 長期競爭核心。
https://buff.ly/nBX0V8x"
2026-08-12T23:47:41.579618+00:00,TrendForce.tw,https://www.facebook.com/TrendForce.tw/posts/pfbid02Kk8WWm536Foc2uuXrvg785Jfxj8HGoQimgbYnVs1nhhuyjk1GqTzaEyM73VZjzVfl?__cft__[0]=AZYxDc5yWj-U6LfSyneZi3MhduEKR1VPevO4Ay0nxgWHCUqxEOCiRXh-q1SL8o5F-XcQ1H4k8W7WiDtS5PGJFKb2MpygxRa9wJzGgxZbJqhFjKxuypwF1SV2R0703_WA5Ms0n9ckUURREOCiPBNxzAF94S6MdyeZufCW3lAuWcdWts8AS3uUrcyJhmcAPNsTut0,,2026年5月26日 星期二下午6:00,0,,,,"Micron 維吉尼亞州 Fab 6 投產 1α nm 製程 LPDDR4 與 DDR4！新策略將如何影響記憶體市場版圖？
 
#TrendForce
 解析美光背後產能配置調整：
https://buff.ly/5rchDor
 
 
#半導體
 
#DRAM
 
#HBM"
2026-08-12T23:47:41.579618+00:00,TrendForce.tw,https://www.facebook.com/TrendForce.tw/posts/pfbid0YKmF4miP7umQo4aWSY2n6GXqZPUyez7bvUv8ZJGEAgiRFK5HnndCDf2eYDo7uQ2ol?__cft__[0]=AZar9EN7NwYXoFjbTjUlNTmvHh_ccIhFWYQp2IDYsVjS6oV2Mr2tqGHB1U_eNtABtfwen5ejpzZfZoJ-HGrreVeq41nLkUYZqDbtIhU6G6wl6Wg8z6bAVEU067ulZCBxRRTgME_gjUf1EYuph8zqdpmP2eW4svEfzRftfbeFNbR6-mlQDtWGHSUBBOqaVub6p1g,,2026年5月25日 星期一下午2:35,0,,,,"Enterprise SSD 需求呈幾何倍數成長！CSP 為建置 AI 伺服器大舉採購，加上 HDD 結構性缺貨加速轉單效應。
 
#TrendForce
 解析全年恐維持供給吃緊與高價態勢：
https://buff.ly/os9Sy0H
 
 
#Samsung
 
#SKhynix
 
#Kioxia
 
#Micron
 
#SanDisk
 
#記憶體"
2026-08-12T23:47:41.579618+00:00,TrendForce.tw,https://www.facebook.com/TrendForce.tw/posts/pfbid023cXWbGchuhMt3cVtQK1rFSkA5QEzY9E7pbKRU9KKfFzuGLF5Vq6UwTan4pwV9c54l?__cft__[0]=AZYYPmzC1gW0luuknUbOIZqHy7_GewM5Drid2m5VnSXQjN_y0xYMFD7WCAVIzu_CO56-UT36e6zvxvg9e-WB9ojXRwpBl7haH7XC66HtN97dYRcPQv1AR4Mmvj23ZDUlfoC81dcg67vEupoGOVxOc-vU9ZlsrOQ3cqlhxXfIbLU57OrIxJuv6tzAMD3moCeud0w,,2026年5月25日 星期一下午2:35,0,,,,"AI 密度帶來的熱挑戰，正在重塑資料中心架構！…… 
查看更多"
2026-08-12T23:47:41.579618+00:00,TrendForce.tw,https://www.facebook.com/reel/4718863585066698/?__cft__[0]=AZaNCOLXHMfl83NjrELMAnoovgEicgVoJTmUmaSwpZC_brWYr0tkkgxAQwgzgYqXU81B5f1kD2QT8IXiRA00iFJqQBpeChd_SmKwKT9jIZxcNIgXShqK-h1UqFs4JlS14mZZ-72EJs0TrLOywAEzQoxrCnp_ufQubQCQwE6hpVMYtZg0TZAb4_FdRExjb1JfmapjtOojeqMKCH6Jk_XXw3QG,,2026年5月25日 星期一上午11:00,0,,,,"美光與三星搶才，傳鎖定招募韓國HBM研發人員。
 新聞來源：
https://buff.ly/2WBM1xx"
2026-08-12T23:47:41.579618+00:00,TrendForce.tw,https://www.facebook.com/TrendForce.tw/posts/pfbid0ZNp5VJFVvLG29nc3DnGqqtSVs5sXxx65dQA21myhbNfpAmw28pwT8ouT9dmVcbYpl?__cft__[0]=AZYEqaB-YUE2KgPbgxJUddpb5ERfoRaOh812O4dievzXxk8arBLiJkYtoc8w__u_C8aVFacKLnmsE103Qt3A2FRXEOkpUeiPgu-BBzDt9JYPfZNM0yhmPyI85fIxr7_H0Z3xJ3iV-5qOmUXuRtQoYhs2HeqeydGlpoSRFFPpiYmJH672VMY4GZus1kUbDsRpgtY,,2026年5月22日 星期五下午4:34,0,,,,"美國面臨通膨重回 3% 的升息考驗，新任聯準會主席 Kevin Warsh 將如何應對？看詳情
 
https://buff.ly/sF9KeyQ
#DataTrack"
2026-08-12T23:47:41.579618+00:00,TrendForce.tw,https://www.facebook.com/TrendForce.tw/posts/pfbid06zLns7PskCr8CjJrDZZsVhhqryWD8WzfKa187FgzKnUpUgNhhevrzg8Y2JUJcLzEl?__cft__[0]=AZY1K8DN2kmUINPeG3xu9E3tP_2O-l45kwsTXQsa8YbYt1us49h8-DBrZHEeON9BzxlCaYot-8poxzfAaLAN4_KtHsCiloMOpp4ZvgCTm8p8oTzU1I5t0mg93xfTW_ZWjvEnlqeDPervgR09eo5qUAtymlNShLuRpw2bLXu-jCI_JETT-Rm5yWM3xungem7HuW0,,2026年5月22日 星期五下午4:34,0,,,,"2026 Q1 電視出貨創疫後同期新高！因應 DRAM、NAND Flash 漲價壓力，品牌提前備貨成為關鍵推手。
 
#TrendForce
 解析電視品牌最新出貨動態：
https://buff.ly/gbWRUnu
 
 
#Samsung
 
#TCL
 
#Hisense
 
#LGE
 
#Xiaomi"
2026-08-12T23:47:41.579618+00:00,TrendForce.tw,https://www.facebook.com/TrendForce.tw/posts/pfbid02f7FHGzmJSfdSf7s73yxHVUepCtXhXVTicvdbohByLFndtRnhger98C34mdgrsQTZl?__cft__[0]=AZYe2H_lFbCbk5lj-Op36FlwpuPfrkBiz-EAg7UUQy5atREo9ZEAW-93z0yv-It0UeS1W5quyJs2NMayDkicAgOBEI3gGwj-fupF8GHOZU0AJrNaPXx5f4XCMC_PlN08BqGlVr5Tpt5g7XvAuQnV0KpcusE3DSd3ugrPWXAziO6WnsOGBm9d6aza9jC-6J3jqKU,,2026年5月21日 星期四下午2:17,0,,,,"輝達 Q1 營收年增 85%，Blackwell 架構引領強勁成長…… 
查看更多"
2026-08-12T23:47:41.579618+00:00,TrendForce.tw,https://www.facebook.com/TrendForce.tw/posts/pfbid0k7xwmimXCF7TcvGhTgB1JjGEA4oKrtxgGMmTznPtLCLbb3VZZYheN6p8XsT5a6FQl?__cft__[0]=AZblKYLTMv3Pd85zEJ9jGsAP2hSZd5KcPA57Rum7NvyIUPSQdYKHciilyOZa1v1am-uH5VmK7vZxY_W_Xn_CEMgHc6LX4A72Beq44PFHWbFlzWZn-wEGYvpO7dlP8g666zvbVpCXcGypYG0JlayieDFrUMwp8wf94YY7eHRVeB-KL9b6T78QpgrWGvO1f3nU3F4,,2026年5月21日 星期四上午10:04,0,,,,"當 AI 運算需求爆發，你的記憶體架構跟上了嗎？…… 
查看更多"
2026-08-12T23:47:41.579618+00:00,TrendForce.tw,https://www.facebook.com/TrendForce.tw/posts/pfbid02Lwv2h2hvUn3ZcKrd9AjsykH6XRSpvRoi6AWcK3SkCUoaCSRj5gW9fv4EQqvfvwKcl?__cft__[0]=AZahcc6IGG8NyVocvs6HLLXENeKOoUUITsaLhzFy9ubG0KnHb-T5fGIe_kmcLBBFPvVRDoYbMQoPWzB9uL4Gvc-MxF3DGR8MnQ91ybAdm3KilZy_iFygDf5b0svKMxTsDSvoBXAB79t0VCA6yvNsf7R5J_B7euQOZA4I_GLjtyUiTZYEvmFlFHNBQi7jTSuNc0w,,2026年5月21日 星期四上午10:04,0,,,,"【2Q26合約陸續談定支撐NAND現貨價，MLC交易升溫】…… 
查看更多"
2026-08-12T23:47:41.579618+00:00,TrendForce.tw,https://www.facebook.com/TrendForce.tw/posts/pfbid04t2W886HyL1bz4bVD2YLLrTHXDMt7TeNje22z516kHjcsbY975eWv2Z6RJcgweMil?__cft__[0]=AZYeoieElagW37ybOmzvA8z_Cxi6yCoxMmu6FvrCTN556BcqvihJ-R3lO1s1fKkAc1rwkvckJ-VKIQTQ_AhZpgeSFI-LiPhqEGeo5V8FYVEb8NSs9Of_jCZUzXtxCsMPt_aBV4XgTPHe-A0xpRBtNJh3vOlD1yeikQQxpUlAtqvjsCZ3OxJJx_K4ZQRtQJ5B3U4,,2026年5月20日 星期三下午4:30,0,,,,"【DDR5品牌顆粒詢單顯著、拉抬報價，DDR4走弱】…… 
查看更多"
2026-08-12T23:47:41.579618+00:00,TrendForce.tw,https://www.facebook.com/TrendForce.tw/posts/pfbid0QGEciPLJcFkNU7q5EQC7vp4xtkyrDTQSWFiH3orsVQuHqVDFizrLuo1hF9gW4jK5l?__cft__[0]=AZYmuzLZEzsIx-mGGFIQN1hNRxesuDp1SPfqAPGM7xnm_m-17vaNHsknXjM78WvqGWzVHRcW0VFGtGR0wvPguNI6lS8A5GtFxhU79qLQ0SxW87hGmvH1_TIS7cbN7HgH7b9v7BOUaO0TSbBzCu8ihZrWv3NKCyvTb943hK-najzyXa3qcnsqMU42EDGCXA7Lg4A,,2026年5月20日 星期三下午4:30,0,,,,"AI 推論算力需求升溫，北美五大 CSP 加速採購整櫃式 AI server。CSP 業者將如何調整 GPU、自研 ASIC 與液冷機櫃的部署策略？
#TrendForce
 分析 CSP 資本支出與伺服器功耗走向：
https://buff.ly/SGpSNul"
2026-08-12T23:47:41.579618+00:00,TrendForce.tw,https://www.facebook.com/TrendForce.tw/posts/pfbid0KeEXK3DNPaZpActANbquznAUQgbYdiQhh34vXTBVphsVuhimZFEG2oJXiYsuu6BPl?__cft__[0]=AZbBKnN3KTzm8GMWQFqs2JKcTnOD526RkncMBg94eBqGaAz6q73_TsGRtFLfEwGhwAsFayJn43_HaYNPdwfyVcL4nz_xDkcwxy5GUL2Byg8W1Kql4-UtSPR-IQ6xmyvmjoednC25UbpAOrkpphOYOjt27Ul6UEr8MnS2D7vbk0C0w9SHJg-bSz5r4pOoRLpB3hA,,2026年5月20日 星期三下午3:45,0,,,,"OLED 監視器首季雖逢淡季，年出貨仍大增 78%，QD-OLED 供應放量成關鍵。品牌如何透過差異化產品與規格升級，搶占高階電競與商務市場？TrendForce 分析 OLED 監視器市場各品牌產品布局策略：
https://buff.ly/S3Ss681"
2026-08-12T23:47:41.579618+00:00,TrendForce.tw,https://www.facebook.com/TrendForce.tw/posts/pfbid02btiVSqgEnjhm2zoy67GzSWDhWrx8pcQ1A7ebcFEa4y56HZy79DLzEoPDxM2KG7pzl?__cft__[0]=AZavucPtbSMO1WBHd3GrO7iKOb6Y9nfrK_GgoPc5HWjmYcVHSHO0CUQKA85UI0pIu4TgT8hRMfXmARQqrLVhGu-57zRW_uIEVwfRWNF-pgn8OYNhz89n5jlxGsLsVPvEhelQocV0q1_kk1Z9f8bT04kqLUrM8jPsWvM4GkJ4D6abzV1w1KMwzO8qmXgUl1zjdMM,,2026年5月14日 星期四下午5:25,0,,,,"Mobile DRAM 合約價於 2026 年第二季續揚，高價常態下，手機品牌廠將如何減輕 DRAM 成本對產品組合的衝擊？TrendForce 分析 DRAM 正重塑手機品牌策略。
https://buff.ly/2ilOtMZ"
2026-08-12T23:47:41.579618+00:00,TrendForce.tw,https://www.facebook.com/TrendForce.tw/posts/pfbid02iuxfvb5pgDrVChrr9qJnYWHakvz43eXgtUFUWE7nuNLuxCiv49REU4hShPD4nJZnl?__cft__[0]=AZbAEGTCP6oKICqST9LrkNqagKIpkRP7qljOC50i5ciCyNwMEsVqndEIK7ZTd6OY8zRWSAlGrM9DmbxAQGG_9uK8psKtSwvNm7iT56OZgmjqXbGQFqWKgOpI7VmDnEzu-KvPtZ4x-nesQ2ffWvgSAP2C-zKEpglhIJ1qm0H2mvbwi7B0dB8JFbDS3TtF58zQblI,,2026年5月14日 星期四下午5:25,0,,,,"【觀望情緒拖累，NAND 現貨市場陷低迷，價格恐進一步走軟】…… 
查看更多"
2026-08-12T23:47:41.579618+00:00,TrendForce.tw,https://www.facebook.com/TrendForce.tw/posts/pfbid036QA57EN6JffDZ9toR1Bjr3kVPjrunL2756AW71rMir1DmhtxvtfBqE4eduSNFurcl?__cft__[0]=AZbxfWe0MofUapKb7IdfHyJuAIyEmQxanlhpI6PU18-p9uoRb7hl0iYnEVKLeGqxw5ODW5n6Dn5Ki6-UJ6Tib_C6J43IoQzwmAQ7Zx7gPnYbJ__R7t6w99ejDfXIwTrzfLwp6BVs1DKA0LbJZQQ7kzKSvW9OMvFV7TsRH2HRbJhnAD5-qGQAa9bh2GB3WJPN9cs,,2026年5月13日 星期三下午6:00,0,,,,"【DRAM現貨市場節後走強，DDR4需求領漲】…… 
查看更多"
2026-08-12T23:47:41.579618+00:00,TrendForce.tw,https://www.facebook.com/TrendForce.tw/posts/pfbid0281Crj8JEi3qMEtS4hG5or8NqcMQB4xEr34m9CEfHzKdDbzvvKQ8pJmynMaDVe4Trl?__cft__[0]=AZZLYhN89P0E5ey2Wsd_gIr6-svkIx9BKk4eysfnWUOiW4sIPRgWkRLzrJkX5X50_nbfF7I6CA6cz0RYzpVA1Vms2KIRNTVfOrLYx-bmDYGyzyn5YMl7_q0uLqQ-Scxibmipa5RTx6T34G3iqBp-Bd5ZDt1dAa6-m-pxRpTe9JbGT_t5hDE2jeXJpWS_Dl6Afbw,,2026年5月13日 星期三下午2:59,0,,,,"全球顯示產業競爭重心轉移，
#友達
 與 
#群創
 能否透過光通訊與先進封裝整合領域發展，重塑營收結構和技術定位？
#TrendForce
 分析台系面板廠雙軸轉型策略：
https://buff.ly/sAgRoG2"
2026-08-12T23:47:41.579618+00:00,TrendForce.tw,https://www.facebook.com/TrendForce.tw/posts/pfbid0365NbGNYrdHFwq2Qw9Xre68X6TA5orK7i2n3tNgSumycFSYsbLuZjrdjuiyLCQV2hl?__cft__[0]=AZYW3KMNksr1m4c972-1S9ruf9NwJ-Bxf7z9Ib-8Qp98-W-SbxYv81t0FxJle8xM5bkRYrRMYtAA45QMA0O_2d7TIVHt2XFqb18jANXwIIdefhUkp0L74jE3OBX0medBdhhfozeqguSZD6GF3tVghHo2VkgBOz0HTYvQDd4Ngew3w7vL40nLP8QAUX_kBuyZvEc,,2026年5月13日 星期三下午2:59,0,,,,"A rare glimpse into China’s chip push: Huawei’s Chip Fundamental Technology Research Laboratory at its largest global R&D center makes its CCTV debut, with founder Re…… 
查看更多"
2026-08-12T23:47:41.579618+00:00,TrendForce.tw,https://www.facebook.com/TrendForce.tw/posts/pfbid0WuxxnD4HcNDmg2Xr3nK4WM9yFsQhiNN1ZcWAmhVnnzNkNTKsxuCjH3TbbYwaYBJfl?__cft__[0]=AZaL6cIOMbyk1Y1ghu3KNw5zaKqIB8Pq15FtsW3FQp6bnBMf51CGttUECDqZEapZdqhcxuT0V-AYyqhWNRI4qOZ00ay75O6M5lpevJfKub3VwXNBzQ2ZhVZczZqlPZ_npgvtPk54fjsgLCmfNWJzccL5ZYBnVVa0WmQgLpHCpMWUJyPuIfFiy5kgHF3kxae97RE,,2026年5月12日 星期二下午4:00,0,,,,"生成式 AI 推升高速光通訊需求，Micro LED CPO 正成為資料中心短距傳輸新焦點。Micro LED 能否憑藉低功耗與低BER，加速機櫃內光互連商業化進程？
#TrendForce
 分析全球供應鏈對光通訊與光互連領域的布局策略：
https://buff.ly/l5lAumY"
2026-08-12T23:47:41.579618+00:00,TrendForce.tw,https://www.facebook.com/reel/981941677856508/?__cft__[0]=AZZkc3-0gTr1DrwTa8nnRo9bNZ3F-J2EMh13_nE0FYal0zcZajummJF-91m0CDmDhSsQe5Fuo38YJPiZ1QuTEVI2udJYITZp1Sx2O4CYobiBufFtUbfXUW9xL0oY9SUsJ5VP3azPf6LlOmvyPA-RtHwksN8k_l0Pvjeq_35Cv7N-nPE7V2Q29j9flBRXNPDxjbBL-Dq7xvCe0iCvM-vS6miR,,2026年5月9日 星期六下午3:01,0,,,,"SanDisk 透露 SSD 也簽長約，LTA 上看五年。
 新聞來源：
https://buff.ly/HDQz4Uz"
2026-08-12T23:47:41.579618+00:00,TrendForce.tw,https://www.facebook.com/TrendForce.tw/posts/pfbid02adyvVs2LVXyYuAZWM9aBrmwcVwJMxFYpEJkgtWbAAYCCosXTqhAoW5vYnGkfHkfvl?__cft__[0]=AZalhnRPTphFZvfD1HFBqGgFXka4sSltSFrl39V1ujhuIHz3ZvaXbQUsWNLQcFB8QDL8NAxqQoSSCyMFGKyTEfrGFQleDBOe79hMbvpgUkBHXmjj2cutAZRmS7zJbNyQMoRu2uyhXIQz9_uSoxthP1uK1vPuVmWXKfDP9PcfYal6AScL5UcLBQpMdCyhFtWfdUg,,2026年5月9日 星期六下午3:01,0,,,,"成熟製程供需翻轉，八吋產能利用率回升至近九成，漲價氛圍正快速擴散。台積電啟動十二吋減產之際，陸系晶圓廠承接 HV 與 CIS 轉單潮將如何重塑代工版圖、Tier 2 業者又能掌握多少議價空間？TrendForce 深度解析晶圓代工成熟製程漲價新週期：
https://buff.ly/GSc4xko"
2026-08-12T23:47:41.579618+00:00,TrendForce.tw,https://www.facebook.com/TrendForce.tw/posts/pfbid0ykY7tqJ3fQPC4GQhvCVbbsRgDdNQbWqtfUhbFhNUEfmoKCdBRfEfGgYzvo7yok7rl?__cft__[0]=AZY2yVFEZrQ-ZAliUarY_WudYoLgEiZfa_ThWLLwx1I5HqA3KynW_As0dT5Ik95zrGWoP0ISkF5kKntsOHYPwkb0QDo8LhIcunG9IS6QlAVlGpiICHI7Fg7bpfWhIcWaXsH83lvXG5IL3_v-cLD_b9uKg13MMOFvUOfFcqcO1UgmZkDZaf3p-jNO-twWtugha38,,2026年5月7日 星期四下午4:49,0,,,,"2026 矽光子與光通訊盛會
AI 算力的天花板，即將被「光」打破！當傳統電傳輸已達極限，矽光子正是引領下一波半導體革命的核心。…… 
查看更多"
2026-08-12T23:47:41.579618+00:00,TrendForce.tw,https://www.facebook.com/TrendForce.tw/posts/pfbid02y7WmeuYHWeqWc49t6HgiJegnxxGjLjfu5ffjGvAtZYnpD3xW92kUpSqLAvd1xTQfl?__cft__[0]=AZaOfT4c4Uxi1u2FDjxz2-JwpmV6L_G8yYHHkGHT5X4uCKNJ6IasIB8nJeYjQvAAXul8l6dx2fmMJCifM5AR6zJaHlcWzyVLb8Ap7QT_mqyaz20q5MP-0N_fh22PYFX9kGJxmIH7lWIaZP9euE0r72vAFMCpLdKSC4_tCPU2s5mWkpFrXyRCLLmSFgE7ykfdGyE,,2026年5月6日 星期三下午5:38,0,,,,"AI 需求推動北美 CSP 上修 2026 年資本支出，九大業者合計估達 8,300 億美元。GPU、ASIC 與新資料中心擴張，將如何牽動電力與散熱市場？TrendForce 分析 9 大 CSP 業者策略布局：
https://buff.ly/bC9jELr"
2026-08-12T23:47:41.579618+00:00,TrendForce.tw,https://www.facebook.com/TrendForce.tw/posts/pfbid0kgBXhWR34cycghojnD7VjbvjdwXonA4HQ71U5wdCa4XbVPnNwW3Ngj6CoAoSNP59l?__cft__[0]=AZbgHJf7b3rX5YKR96AK97ZZojrrIdLe0QjcSlb7X9xBTHkI--n5Gjrucj4qGIOAliemjcgnDEu8Wj3V4H5Hm3aQgUV2f1a1z3xuxl8Vv3PDn20958fZXG76p9zr5k_mKhcL67e32AK2NvYhHgOydVUPz0IthRMQ43z_kiqFRrdttB0gwoldLMK9lg2IVXyUNUI,,2026年5月6日 星期三下午5:38,0,,,,"【市場詢單持續集中DDR5，主流DDR4本週現貨價小跌0.25%】…… 
查看更多"
2026-08-12T23:47:41.579618+00:00,TrendForce.tw,https://www.facebook.com/TrendForce.tw/posts/pfbid0WvwyE2rFxvejDbRx6WvtoRQ9sTLw9oV66R9X14cdN1bXjbdt7ycoWnf8w5xBq55Xl?__cft__[0]=AZZFwcCq-C42WgVdXF721kZddVT_rsjcEgKZr5xH-mp0tt5EHTvhyfS0wu-etm7THhkkp7ZNPnh9IlM5An1ikC_l5lSOX3wboJUq9XXEhX3-N9N5bitQD4fDiNw7UCtUm4mFNagkLo7yhO8RQ6-YonY07uSR8SqEWBWERX1VDWOOlND5T7JzHVa1GeiTBcI2xV8,,2026年5月6日 星期三下午3:00,0,,,,"U.S. Big Four CSPs Continue to Ramp AI Capex…… 
查看更多"
2026-08-12T23:47:41.579618+00:00,TrendForce.tw,https://www.facebook.com/TrendForce.tw/posts/pfbid0v1yRnwexhpHGDkc7gZPf3JBiwFkfi5fiUYoYTo29aeApFcjceAuqWPQXQ7A9XSyDl?__cft__[0]=AZZ8seoBgZsaP5sCexJxBV4AtumIz40txHFoO4gayK86_Qn2Js2yRGFZrrTAvkYHRqRB77xJaISXBhypMRcc786yVJGzOCAcgAhukTdmd0cuNa5U-H_5C-ncYqewhiLq7eofoZZC1mmWVAm2y2SOV04ATPcdyHJYK2f6shV0esi-nDObocK1nPfTO0-hdY7d82M,,2026年5月5日 星期二下午3:41,0,,,,"全球光收發模組市場三年翻三倍！預估 2026 年出貨量將達 9,200 萬組，美系大廠加速轉向東南亞尋求代工，讓非傳統光通訊業者迎來全新商機。
 
#TrendForce
 解析全球供應鏈重組趨勢：
https://buff.ly/pUlyBUk"
2026-08-12T23:47:41.579618+00:00,TrendForce.tw,https://www.facebook.com/TrendForce.tw/posts/pfbid0xvbQqrxz7HrN7VYTqAawwVDNi2dgEv9DHFG546eTRx45HL1dH6wt6yP2yyJV59gSl?__cft__[0]=AZZ6PfViu85gOx16HGFSShxs_y1kMH8NgFWdlpWIKvzErJiB6cjsZ48l8wmvMOvlG4VZ8hTGVMeUCEBW30_b78-0CCGEa5juqt5VrDJk-5LjLXJY5fP7CGAMee9aTQRlcagO7kqEmwS2aHZMvIF4GSHfwY7zTH0RuJZajhX-1bm-SVCsN7K5yBBKmq7WiM5DEIw,,2026年5月5日 星期二下午3:41,0,,,,"CompuForum 20th 議程搶先看：TrendForce 市場洞察 x 8 大領航夥伴實戰解析 
…… 
查看更多"
2026-08-12T23:47:41.579618+00:00,TrendForce.tw,https://www.facebook.com/TrendForce.tw/posts/pfbid02P843GM4ib45xhY48sxKnW8DXgvLcDWupBMYXxSRr1LHmnvQTYrb9QBUD6FiBQH5rl?__cft__[0]=AZYkc8hgJzxUPE1qR1uSUzjYBMFTN4XZ6ZGF-al6nHevtz3EEM83Kvzk0xp7m684zN7X6Ase7B1j7WDrQty7TvCS4QWLGIYZZrK1pCt88im-jK8sFDtGBDqOKY5R3NWjaFlKE1Kn67RNs6CYfG8E8DAzIXZYnb6v4-FVMXfqWg2l-NvfBJ_k5l4PKTKf9I8loQk,,2026年5月5日 星期二上午11:00,0,,,,"MicroLED 正在超越顯示技術的界限，轉身成為解決 AI 算力能耗瓶頸的新解方。
…… 
查看更多"
2026-08-12T23:47:41.579618+00:00,TrendForce.tw,https://www.facebook.com/TrendForce.tw/posts/pfbid02N33BxAwf5XWj6C7w2d7CUfBi27UAPUe8YtRRHm9hixCC9yitxZ82DSmB2UZS83vSl?__cft__[0]=AZamOjnHOB89fr8e55PW1YqEKBgh0USA-6_ExAzhQNMH0eq9FMXoBWMLP-ywTsW05V9tZ9YsHOmgXpuNQNNCwRQZS_1nKZWLhhxkwhcikbDHwXsKhNQ5XlFiJS-WS5rZMMjGJeVhnQ6L8K4zvLqpgjXg42kyE2rMGC0fisT9UCQBWW6-XnUAb8lSWGT1MMU14wE,,2026年5月4日 星期一下午4:26,0,,,,"全球記憶體三巨頭財報亮眼，Agentic AI 需求引領產業進入新成長期…… 
查看更多"
2026-08-12T23:47:41.579618+00:00,TrendForce.tw,https://www.facebook.com/TrendForce.tw/posts/pfbid02arDMNZZ6UG7kiQmhBpYTnjmmfgy4Hb2jRLSxX1Tu7E3ARWU9jEbPcg5QNVgh3K6Pl?__cft__[0]=AZa-LJTWzb-ManesUM6A64T0sJZJceShPLjx2tc1aLPLkY7EnbZLFf6S34EIVwgTk2A505QDHJu5ER5YnU4vrJsPgKHJiAxXRTZoXMvvVhoCuypFCRmzAdsUx35n1gm6fvx2-j0t1tde7uMWtR9l9KJ5Xi1ljfVYWtKymgT-Jam9hN3LZ4mxOxBT3b7HTmpy9Ak,,2026年5月4日 星期一下午4:26,0,,,,"AI 算力軍備競賽推升先進封裝面積，儘管台積電積極擴廠拉產能，CoWoS 自 2023 年以來仍長期供不應求，迫使客戶轉向尋求額外產能支援。
#TrendForce
 深入解析這波訂單外溢效應：
https://buff.ly/gtrj14q"
2026-08-12T23:47:41.579618+00:00,TrendForce.tw,https://www.facebook.com/TrendForce.tw/posts/pfbid02DaaPDE4ucHEhRDGtXewCwRAwgbFuQTxA16pVmoq3DHdJzTsyFoT5KLTUE7jAKUgvl?__cft__[0]=AZZozqDLy2u3UzMWh5fBa0I77g9_DhUbf2TUwniOoDrbH3JrhXZnSFQMm11YX4xzEdpiYS8l3NlOwWKb004qtSVxZFZHMc5RGBFisLaNbeZJIy0qTMOvs2w-CQTjgpbaqFa_m27ycMZ6-Pk0UEMcXjgCBvZIWWbEg45bv4yhiWXGKcD2BgIbISCGAmbDY1FEVVs,,2026年5月4日 星期一下午12:00,0,,,,"美系四大 CSP 持續加碼 AI 資本支出。…… 
查看更多"
2026-08-12T23:47:41.579618+00:00,TrendForce.tw,,,,0,,,,"三星電機傳有意調漲 MLCC 價格 5-10%。
 新聞來源：
https://buff.ly/jynGL6w"
2026-08-12T23:47:41.579618+00:00,TrendForce.tw,https://www.facebook.com/TrendForce.tw/posts/pfbid02Co32aiLtUpt3NySRDy3pSYQnYqkjRWgdJUFaRSknqLspkzPuci7pMwPExpbh4Qy1l?__cft__[0]=AZay1AinIKZELZF2kf0YjBu5BA4m14bTEi0xfeXO-s1Y0D-sIy8UvpRxox9FgW6sn0KFduxBTeBOaY63lvq6KDSoNO5zJrUuKee-eZjw8zRaPANqjoQ17fDaUzffc9D1GC3NdNQFwuhiL5SKC8xiVd0knyFMcdqu0cN2eH-YMBu8G1m4aqoyAq--H_bDbJdonYk,,2026年5月3日 星期日下午4:52,0,,,,"三星 1Q26 營業利益年增 756% 創高，AI 記憶體推升 DS 部門利益率衝上 66%。…… 
查看更多"
2026-08-12T23:47:41.579618+00:00,TrendForce.tw,https://www.facebook.com/TrendForce.tw/posts/pfbid0V62oTcxu6MAeWiKThtFTFJ2KZmHFuFGsQddYPs5EeydkBCJTjBDboLrrgCGFf7Jjl?__cft__[0]=AZb3s5nTJl7yF8kqjx3Hg2UFNkT8OC74zxzCveAcawfwI_TLXm7xcFBjiHH-oisI47k0_BDEDvzQBqGeFAAbtXb425EFR6PS7DDQEyguBS7iQR4c6045t5IyI5e2rK-w9FxCxqzitxuw-igyUG-oucT_jQT6_Ks9NYxx09ncH9-v96bEJQFfzi9ZCsYsVtvapHY,,2026年4月30日 星期四下午5:02,0,,,,"#AI
 算力需求升溫，半導體供應鏈緊繃延伸至 3nm 先進製程。當台積電成為 3nm 關鍵供應來源，產能分配將如何牽動 AI 晶片競爭？TrendForce 分析 AI 先進封裝瓶緊：
https://buff.ly/XDVGY5j"
2026-08-12T23:47:41.579618+00:00,TrendForce.tw,https://www.facebook.com/TrendForce.tw/posts/pfbid02ZZBmPL3vgc2zvvzErShqxY96p9AtDgJ1nLAhemcfqg85c1gaV7DQ2tMF2FqkAPyil?__cft__[0]=AZY8xPdeDTF-wK_nrHH95TjOeR6ifSgY9jq_nrHEnCPVast2h6Ot0-SlNZ7TROn7sIGLdmgpjCNpXcXQC5q24Ed1MbaOI_SN1Z14o2jWXGO6u1b9W0bBqPqV3qsd8nKO2tfvI3CeAbZ4DkKzHeJtEpGqpaW9IkCVOwWP92nBMUa5Ade1CEfN1xEKVR8JywWpbiY,,2026年4月30日 星期四下午5:02,0,,,,"美伊戰事衝擊全球經濟，停滯性通膨風險再度升溫。預期聯準會將連續三次按兵不動。了解詳情
 
https://buff.ly/lWu9bFN
#DataTrack"
2026-08-12T23:47:41.579618+00:00,TrendForce.tw,,,,0,,,,"【僅DDR5見零星買盤支撐，DDR4降價仍難刺激買氣】…… 
查看更多"
2026-08-12T23:47:41.579618+00:00,TrendForce.tw,https://www.facebook.com/TrendForce.tw/posts/pfbid02SvkyWcaMmSMe86pHafwwemisV7JzoqmrbYLH8Z5uJqy9ExWndpZAanrz6r84KSKl?__cft__[0]=AZbfhlQmYv6xhuI2U3qiDnmXgBaPvTdf6tQp5mnMoOBEBfKSiygUk_NzIOMa1PxCjqqV0p3Qus9KlMLw_vVm-i2cjbt-993XGsQMfh6cudC8EKPZrAf5QGNPEcDRnX9mmbgEni_iLuykUxBZ8xekPCWQMyuXDhpjB4bwrfMpOnoEP0mEjggHDQ1eVj3Ub6clMpU,,2026年4月28日 星期二下午4:59,0,,,,"2026 年第二季 MLCC 市場呈現 AI 強與消費弱的兩極發展。當 OEM 提前拉貨推升短線動能，下半年需求是否提前轉冷？TrendForce 分析高階 MLCC 產能排擠下的定價變局。
https://buff.ly/KvxjIUX"
2026-08-12T23:47:41.579618+00:00,TrendForce.tw,https://www.facebook.com/TrendForce.tw/posts/pfbid02NzQd2vbPkyS1GEaoL9xiPYXU6eXVT2SZdJBuWJse2ZS2Kgh82SkAGvigRbJCFTcsl?__cft__[0]=AZYU1K6kVq5Bj_o1_UAO6ecF-Yd7XQewjeY1t5xq3JITqX0b6LHrkhyJ2ncwzVNcqByrAvcbMcRNurZVuSJdwgX8rEaXcA32M3JE3nSDvKLwllpF2XQWv4ovb5iMWhrp92pqkJrCYFzrvCJ8J-Zsk446CbE-6dPKfcZD1-lNvrRfszmdj2UTlSCwcvEBYbu6adw,,2026年4月28日 星期二下午4:59,0,,,,"手機直連衛星加速成形！全球衛星商正從傳統寬頻服務轉向 Direct-to-Cell，Starlink、AST SpaceMobile 相繼部署低軌道衛星並推出通訊服務。
 
#TrendForce
 分析通訊零組件供應鏈的新商機與挑戰：
https://buff.ly/QNGGjuc"
2026-08-12T23:47:41.579618+00:00,TrendForce.tw,https://www.facebook.com/reel/1451020599528218/?__cft__[0]=AZb2CN1w5jIb-rcjjDGSg75ObYX9CJS8faWHKWxXwfu3z6eJY_aNF1Ohyse9eyyVK0bZXbnOq54733HNSr2ynXvHhIXb8EiB7v-QE7jS1VeDR1Vk5Qa57vtTuvcZkwu7LCyv7t0WebPlvLtikMLHWvLdLyqAGMtqQOgf4GQFySDTXvMb0nCbuJug9QWTvWfCDLnyOsXywEshuHDh2k6UJ0rA,,2026年4月27日 星期一下午4:26,0,,,,"持續擴充後段封裝產能，三星將在溫陽建新廠。
 新聞來源：
https://buff.ly/3om1sgL"
2026-08-12T23:47:41.579618+00:00,TrendForce.tw,https://www.facebook.com/TrendForce.tw/posts/pfbid0gPctzzztFnbrFaxdEBm6cFUP37tstKTPyRgJHZVPVz9MwZp2qwGAUKYLUgVjFDCil?__cft__[0]=AZaRp5YQI6PKu50xJSv0Us-KWvnhwK7eqimXVOzTRbA1urjy8T23TKnUNhUxmdaer0NdYHj65HG3UrXh1ml6MTvaJpY8NvFv5XsG72-LP-BgOX-1Qy4ySa-rLSDgZX2IJ5qbqfr0BiBma7xpXWRGzHDWPHV88bXVTUUQ-nYyDzfqscsQAPoZqjzh6CfCftDilt4,,2026年4月24日 星期五下午3:28,0,,,,"財報連續六季超標，英特爾 Q1 營收衝上 136 億美元…… 
查看更多"
2026-08-12T23:47:41.579618+00:00,TrendForce.tw,https://www.facebook.com/TrendForce.tw/posts/pfbid0pzmAN2XFLqn1oy1avxwDJ8GN9FKsdHBCL8pNFaNGh8sTANGq8s5Bd6HvWD6D17pl?__cft__[0]=AZbTWEcgYqFFPOrQcVTcdPi2dzXt0RpQr0OYUwJZKEAA1VXpQTEZfBFfStLX1w_Bg9XtZeRvCy-1D8Ma3RsCj1dh2G3VnlOWITZPeuhjAa2AihXcaY8Ka2yrfJN-Vt8g9xaBAB28yQHM9jf6p1vXa96g9WJiU2q4GXj4b2KBK-C4cJymtGXBZVujP3kSbP2An_A,,2026年4月24日 星期五下午3:28,0,,,,"整體來看，全球經濟與通膨壓力正壓抑消費電子終端需求，但AI Agent應用與基建投資強勁，已在需求與產能分配上形成「AI需求偏強、終端消費偏弱」的抵銷氛圍，供應商產能持續向AI應用的高階MLCC傾斜，消費規格則處於相對寬鬆與保守備貨狀態。
日韓 MLCC 大廠在 AI 伺服器、CSP 自研晶片與高密度 AI 機櫃需求帶動下，高容值、高…… 
查看更多"
2026-08-12T23:47:41.579618+00:00,TrendForce.tw,https://www.facebook.com/TrendForce.tw/posts/pfbid0wQF49uPK4JYTHUGx3ZgW95LSbSTsWK21qTNrCnz3Qm1cmqmG3MxbACmRPHG67GrJl?__cft__[0]=AZaiMBI7sHgIc87kgvE2pszDPqR0Y3WWxdu_D8TTOtLGyYmN_SrJzvH23avtI4gdk0_tXa1m1U3vCFz80Z73LQC5x0MLxH-JTTtatxJp5nL4c1-OdAuCKnSeC1cYPhGTLnLQqHGYtBWrSlLifynvdP9jPkoT0mvDpijNsnEeJ0gjLfcYheriAkrIgdJ0AfuTwLQ,,2026年4月23日 星期四下午12:02,0,,,,"SK 海力士 2026 第一季獲利創歷史新高，營業利益率 72% 居全球製造業榜首…… 
查看更多"
2026-08-12T23:47:41.579618+00:00,TrendForce.tw,https://www.facebook.com/TrendForce.tw/posts/pfbid02hynv44jcD5bQK2YmdyBQuai1FWDzgcAGm16rAZE9Q8c2vpCsw4LEBEk8i2Bkhasql?__cft__[0]=AZb-L7P3e3Wh54BVr8TAl5Z3qviazwBVHZNZqNHetRH01O5ZKHYxGJ61-Xa7u2_CUi7Z6gr7YdZ3lwFpW6MsOtezUSqhlt_1JmZaFvUO525spWccmtzh2RqiZTz-9u3oAYPGQht0jbdlGNAfNKVSEmwYGqKbrmMEaS8i8qHP3KPS38gpo3UjPRnwl7GgibQbLc8,,2026年4月20日 星期一下午4:06,0,,,,https://buff.ly/UPT9Eqn
2026-08-12T23:47:41.579618+00:00,TrendForce.tw,https://www.facebook.com/reel/1497301881939639/?__cft__[0]=AZZdjNEBTVo6Yjfo17zW8jQjZmectW4qfuYatcXbxLLsp9TpY0lHYjuClSR7bM_B-xP1oNSvE64En1O0mhJp5b-w_6fD2MzvCUR9rC35NSYyJ-WSqfoa-DaGiHIALR4rMx3XUCnOvvUgSUAwZOwRBe_W9C_xMupcOMml8tIsIfI9X1iqBpRnQns2A9PosjEbmOuBKtTrFn4LI4rZcd2FcQ0k,,2026年4月18日 星期六下午3:01,0,,,,"被動元件龍頭村田，月底擬釋出更多漲價細節。
 新聞來源：
https://buff.ly/dxGLscK"
2026-08-12T23:47:41.579618+00:00,TrendForce.tw,https://www.facebook.com/TrendForce.tw/posts/pfbid02mR6ofw8JUqkKafgWNNxb7B1XRkQ9cnAhi1Sw5nLWcrfTtyDYWVysHThxwoixYqLHl?__cft__[0]=AZZxtpF7Y6k1_dDKbxHrfDPs0F31t7PrlWF2S_LrjB8qCwCajx2liB7MM2vyVHKwVPL1Ev-ckf6eYguRffXcnJ6JZKWgCVEPJ8dFNbPthfXastaMudUURxj8g3PceVu9zQcnWPdonfTYrnmpqYAMhLT4XHKgtEJq9so7hMQBnl7jDGYNcijm1GqPyhurUv5PwEw,,2026年4月18日 星期六下午3:01,0,,,,"2026 年首季電池原料強漲墊高成本，帶動動力電芯報價持續走揚。面對電動車與儲能市場需求分化，第二季成本攀升將如何牽動電芯價格走勢？TrendForce 分析鋰電池市場變化：
https://buff.ly/2RRBuZx"
2026-08-12T23:47:41.579618+00:00,TrendForce.tw,https://www.facebook.com/TrendForce.tw/posts/pfbid02yeRKZ2VQQLFiGxJ9wxvownDSuRekWdcVts3dnki1RPvuGwVF39av2zvMYWP1MD2Xl?__cft__[0]=AZZ_h6rNszTpTeNmFLXSNeUDoSDMz13_0njs60b4JwCBgIBMh0ee0U2xIbV3imOr8w_UP625hmqjDSBpQ8oSLNLUzCnGlD1eBuqYGP3Qj73f0-RR5bdPyImS1Rf_GoausOG2OVaNITn_--bEEEjvGjpe7pN3S-kwrLWiThVLP3EvjWSLijkTqzjaX9y0-7QJ3b0,,2026年4月16日 星期四下午5:15,0,,,,"台積電 Q1 雙率創歷史新高，上修全年營收成長跨越 30%…… 
查看更多"
2026-08-12T23:47:41.579618+00:00,TrendForce.tw,https://www.facebook.com/TrendForce.tw/posts/pfbid0284UrmyJNicG76f1QisuDt37G2qTK1D2Tz52Jc49uAv66omqtiHjqSSxDXWuobsHWl?__cft__[0]=AZb5LgfjSqKPs6XPulP9Itxaq_f6agWGb1fWrm8zkpmKRB63IZRxBibqotqxFWuAb1TxtP2EaRWx8-75lcoRQF6TWHTB0zoYlIA91u9Z3yIc4U9O02nf5FNG4Ks0P8cRzzaY3pkBp21dzwt5_VF8Be1P89e1zShPCygH6mIP5W4Y6wRCyouD9ZPX1talyG0pnsc,,2026年4月16日 星期四上午11:00,0,,,,"【 20 週年鉅獻｜超越算力極限，定義 AI 基礎建設新戰局 】…… 
查看更多"
2026-08-12T23:47:41.579618+00:00,TrendForce.tw,https://www.facebook.com/TrendForce.tw/posts/pfbid02LQa9G6jhso5jFPQf8Khx3kreZsqPyFHuFJh2FefUbXQ2Qq3bF82yLdUYeDnqxnSHl?__cft__[0]=AZbOm8eS9jllZj3Yyl3A49oE9lMCHRwurIoSH6CjSVgvIGflmeHfGr9MCPBR2q8kJUuvDC9TN-bkklCCL4hTF6FAKTIgdBdK3jAm6ONnKwbidxnWn8AAf1YyoD7ogXmY-80JY_RwPqCmqYj8JuZ8UWi1vde56lLqFWRCA806etRDHva59mU1e8dwb4otBA_injQ,,2026年4月16日 星期四上午11:00,0,,,,"Server 市場供應吃緊！2026 年原有望年增近 20%，卻因零組件交期拉長，被迫下修至 13%。
 
#TrendForce
 解析供應鏈該如何應對這波結構性缺口：
https://buff.ly/9ZbRSa3
 
 
#PMIC
 
#ASIC
 
#BMC
 
#GPU"
2026-08-12T23:47:41.579618+00:00,TrendForce.tw,https://www.facebook.com/TrendForce.tw/posts/pfbid02R3musgAAJw9LE3w8WaVXa53fpPaeCimP7jNpXWG2iDqxz2VerxYeWtvqzzuieGiVl?__cft__[0]=AZY36nZnbxBNF90IjU3EAiJ2I_f1oUdmUpIvIb6OJrk69B3_8tNZp5Uf3KuW0oERE01vmjx8Mu7Sne7g8oPIcnWu_rkOxxzPaFHFUwJYb5931n5vKGnrLx-qhU6VqPB4D2KHmWZbHZZpIvKy1CF4_hi8BHiyKjd3EO_8n2YuJAuhi0BKvyNLJBGBSGIbes0KoWU,,2026年4月15日 星期三下午3:34,0,,,,"【DRAM現貨賣方於4月中旬原廠報價前堅守報價，DDR4小幅下跌0.48%】…… 
查看更多"
2026-08-12T23:47:41.579618+00:00,TrendForce.tw,https://www.facebook.com/TrendForce.tw/posts/pfbid031uuhtGq9zxLBXdbL6Mb8qHH3smgjJev6uGyP5CMfHnVXa6g5bKgkB4RthxHsYr9Jl?__cft__[0]=AZaDjbMiDDc_z8Uh0EzWP-UWSra7TAn0jWGnyi628f0utEzPxAxmzgWgiuTQyTLlqLGt10Fn6Bj57H2nzFKvegeksYhw-k7X1M7CxGOdQOhKkeSUwUF5U6Z3QL0bzzsoDBL3A-PVkgl27I0XunDf6eM7vU09odsLJmPEh2Hfsd-RPVeU-e7oPHtKbzko-cx14sE,,2026年4月15日 星期三下午2:00,0,,,,"【NAND現貨市場交投持續平淡，512Gb TLC Wafer下跌3.13%】…… 
查看更多"
2026-08-12T23:47:41.579618+00:00,TrendForce.tw,https://www.facebook.com/TrendForce.tw/posts/pfbid02CoN2jKcDGFvz7dsSmz9QhUXgt3Eb9wqAofrSrMNqSARo3KEcQthR7ith2dCTFie8l?__cft__[0]=AZahI9L_D8yy17f35KPz02ae074w1VLSY0D9aNh15PuN7rWhjoApeZdePJVRmEioWkxEOoD5_DjK265Z_lr6MGEMPqUUhFHdUtP8uxmGUG_RBiFzMHqH-r0mZ6L_t7mI5k5Cq6VRrRBwpV8ucw-lSwMpOcXA1_mTGOIZcnqE0dD1c4J6bBmJj7KkNYcaWArqtWg,,2026年4月15日 星期三下午2:00,0,,,,"折疊手機準備迎接 
#Apple
 入場！
#TrendForce
 預估 Apple 最快將在 2026 下半年加入戰局，一口氣拿下近 20% 市占。
 面對強勢壓境，
#三星
 與 
#華為
 該如何捍衛市占地位？了解最新產業預測：
https://buff.ly/W5xkJHq"
2026-08-12T23:47:41.579618+00:00,TrendForce.tw,https://www.facebook.com/reel/2332637083882360/?__cft__[0]=AZYD6zZsZ8rQVVHgv0_mm2MHYgkIBOqRMBrZevMHgZQeVU5FfY7_PKjBeXhpEXA7qVXiONpq19Kk6yJ4Jni1pqnobI6POrYPj7uVlY04lOz5F0v8IyS_xtocL0hVfsYC8TvAaaYA-x0y-F3BBZuDROw5eEY1r3tRUifRGER6BF_oB3UUZBYu66EckMgeu9XJciDliuLGHrQIy545SC7NIlOa,,,0,,,,"SK 海力士宣布 321層QLC SSD 開始出貨 首批交戴爾 AI PC。
 新聞來源：
https://buff.ly/oDAbArK"
2026-08-12T23:47:41.579618+00:00,TrendForce.tw,https://www.facebook.com/TrendForce.tw/posts/pfbid033wxwG84RjBhGxotqVrXwoYoqhj8oGA3dVtzgFuVQ81BcJVXzc6SoxXXGWXmXm37il?__cft__[0]=AZbRRj8AqAX0kH_SyCmNSC9aCFesyoijeC89rK_CdyhMOc9y7hWyqzyjixBuxtgSsF1s6K0yD1VPE4DzScIklG4vMZLWIozqIX3uyOWfnM3JFIjn0mqkKMdnBS4qiMG9ue0w7w913kcVqWLB1p-LaUA6IRFafUcc_lsgruC8KPjn5DSIOEftBHhu6caalcyhCdY,,2026年4月10日 星期五下午4:58,0,,,,https://buff.ly/5QUJSoa
2026-08-12T23:47:41.579618+00:00,TrendForce.tw,https://www.facebook.com/TrendForce.tw/posts/pfbid02evSAwhQWhCrjV6dSLVP1odPwmvXtiS6m3cpz1TSpCyDQcPuMnCpR2TZ8geYxZg2ul?__cft__[0]=AZboLYn9KBJkbw8laTOonvrooceIt2hFYw0tU0wwjEpsyhTObiFlYUSEAu99xyttq5ShI9_v0kRxfGeDWO3ljjd1UGNyS_CSU_2l796WM4N270sbEHtFDbCmiDiua1_gciRwEpbE2spItMeli9Lc-rGOJoZDgre5GUurA2TSEp9tbcQfZtU2bXeInDCUa3cBXo0,,2026年4月10日 星期五下午4:58,0,,,,"2026 下半年人型機器人將進入商業化關鍵期！預估中國廠全年產量年增高達 94%，兩大廠包辦近 80% 的出貨量。
 
#TrendForce
 分析美中機器人競爭態勢 ：
https://buff.ly/SRmM4pR
 
 
#宇樹
 
#智元
 
#BostonDynamic
 
#Tesla"
2026-08-12T23:47:41.579618+00:00,TrendForce.tw,,,,0,,,,"#Blackwell
 出貨占比突破七成，
#AI
 晶片世代交替加速。Rubin 面臨 HBM4 認證與液冷散熱挑戰，NVIDIA 如何穩住領先？
#TrendForce
 分析算力版圖從訓練到推論的關鍵轉向。
https://buff.ly/SWtr8sQ"
2026-08-12T23:47:41.579618+00:00,TrendForce.tw,https://www.facebook.com/TrendForce.tw/posts/pfbid021EbS7JPMNydPe9DcR48P8raqhrj1eGbjkNKBw93jajL4DVi6Se6VpF6E25rpYyRzl?__cft__[0]=AZZq6xTZfAgdagVSErJ5N1WaxHQmkKLoEJt9Pdzzvtktx19yDBFi5ry5uXoStK6cNwOY8KRW9PFPfd7kXocAwYxFx4oM_wh6MJHeic-SCeBzo0Z1YaVKM6uzwUTzOKUOop-LVnQ5eTltUDbu5c8kT7BH8sgkBKrrg8ot_bUvvtluTlUHvFdgdvDEzFcmddLVxkk,,2026年4月8日 星期三下午2:00,0,,,,"【2Q合約價上漲預期升溫，惟NAND現貨交投疲弱；512Gb TLC跌2.15%】…… 
查看更多"
2026-08-12T23:47:41.579618+00:00,TrendForce.tw,https://www.facebook.com/TrendForce.tw/posts/pfbid0JxvDW5WWBHLzr9HjBEJVCi3gVQ4jNpJSJCPDt8h6wdKHSsiNQEPpaFheSfx7VBdZl?__cft__[0]=AZZK8sF8E-Lyq6I4FWG6rkT4P7M7esp1LQtVc0YyWTU513RNx5z2MlfQkHIpqaHaSkh821S4_MOPUlaoiOhWgLkUa2kTaxZVYr2Xa5ujOTDu4xwrRuuxgRtZUoiExt2pbzk8mL1ittkxrjUaaADY_GmiKt5UVgY9eFluVG9szwkJ1Xmw49WRaKy5PEF7zAuGthw,,2026年4月8日 星期三下午2:00,0,,,,"【DRAM現貨價在賣壓受控下延續緩步下行趨勢；DDR4下跌1.18%】…… 
查看更多"
2026-08-12T23:47:41.579618+00:00,TrendForce.tw,https://www.facebook.com/TrendForce.tw/posts/pfbid0341ty3REK9dfKGRYqUzxS38GHoaehLX5N6M7jVNgD3cP3DvrgqbNuniC4X1tEiGNel?__cft__[0]=AZbILMZhRdQpfT405b7lu5lVnbl3qlnl2_cj-bdhTOZPUrP-jw88TjoAgk_EaWswZoFHaFiCo6RIphcz6lURbxe0gCCixMsUGah7DPlep3BptaBEyXtJdpa2dj-89mxcT29h4vmZjWoGf1eGYOTLeiQeJTofGLnk7VXpTRMbbVyhvsCwFtP6521PiFHC0PrnPVU,,2026年4月8日 星期三下午1:30,0,,,,"記憶體大廠加速撤出成熟製程，Consumer DRAM 供給急遽收斂。當第二季合約價漲幅上看 50%，台廠強勢報價將如何牽動全球訂單？TrendForce 分析各廠定價動向：
https://buff.ly/Fx7qurs"
2026-08-12T23:47:41.579618+00:00,TrendForce.tw,https://www.facebook.com/reel/1694558005038221/?__cft__[0]=AZaW_T8mRPx-m1APoC4Ne_5Ws9HlJDpTr6ia5729P5TostO9yAAVT1R9kSezXta2qVS18TDhKoNZdwHilj8QoOJYShqTVgxWKrOgSt2v2zd7KeC7p9SDL5YuNLgACMbRSQX1KVG20DsnS0CqMMobQeNfwtCqQUKK21HM04Xj40cl5wWuzC-gp5r54FbFVVHJG2oSHvsXvW1KYnQUTsJ9E5ex,,2026年4月4日 星期六下午3:01,0,,,,"三星公布矽光子 roadmap，2029 年推出 CPO Turnkey 服務。
 新聞來源：
https://buff.ly/2HvWJBC"
2026-08-12T23:47:41.579618+00:00,TrendForce.tw,https://www.facebook.com/reel/1428284011769480/?__cft__[0]=AZbFxAUMrEr094_5Y7mySOXar0CkybjDX-zFYiu99x8KIDBCdvrQ1Qw7mHUCo51Z2QzaOaQ4seAO9HT-mfRTxTqbF5ZnqB6Udsu6lKT2sVW6543Kx4kic5WJ8t1VO2r_mVynMu3DjnPKlUDmyQTJWSxU7iwagUevfQia3z-Bc8TTxo1-bTWUlahvi-gNJj9kcQepETJDXqh6FmkqnPm_-XEX,,2026年4月4日 星期六下午3:01,0,,,,"輝達大舉投資 Marvell 20 億美元，擴張 AI 生態系。
 新聞來源：
https://buff.ly/RlN7Hqi"
2026-08-12T23:47:41.579618+00:00,TrendForce.tw,https://www.facebook.com/TrendForce.tw/posts/pfbid02ZH2JjLMHHNtitSDvst2Joz2NaXsBsk6nMybCmgACQhiDPi7XciMTCb8kD62tfeRfl?__cft__[0]=AZYUIU_t9Z4TV7MJqYV8133vLg0bRZ4TyyPLnyTJgMXzOijanGjBji4gGzDiuGVb3JyiSX4LwCOyORyjGWIicJ3RNXyNZNokySrffXwbQjZdzoVv1XYvkY9y8GSmHtZK8PH1bNVAr3z-EsweDgBElsYHQ3nhlLV0TATZhOK6ewWS6zGB3flBQH3GlR8jjZtTkJ4,,2026年4月3日 星期五下午12:01,0,,,,"川普預告擴大貿易制裁，能源成本飆升加劇，後續怎麼走？看詳情
 
https://buff.ly/v1Pk97R
#DataTrack"
2026-08-12T23:47:41.579618+00:00,TrendForce.tw,,,,0,,,,"【模組廠僅於深度折價時少量採購，NAND現貨市場持續疲弱】…… 
查看更多"
2026-08-12T23:47:41.579618+00:00,TrendForce.tw,https://www.facebook.com/TrendForce.tw/posts/pfbid0xtjhuBViVCsnDzQPppibik8BYfGPYuSeKaAMmpT5LMt38H3aN5PcRFNyuxrMn3XAl?comment_id=948561091088205,19週,,0,,,,"【終端需求難承高價，DDR4、DDR5現貨疲弱，DDR3相對走強】…… 
查看更多"
2026-08-12T23:47:41.579618+00:00,TrendForce.tw,https://www.facebook.com/TrendForce.tw/posts/pfbid02W5arjCoxunZYwTxsysLQzKmpZZsvY5Ya4EVFiAr9stDEQeQKWSZjYErD2jU561Fjl?__cft__[0]=AZbIrq7Guje7OrhSuvqSXKsl9NErPMgN7sMVZVggCYXbmxkY8Ndv8_UQzq-Lv_49klEA8ywb4KU-2gXbWWMLC2mbUNTc4rF_GxAn-GPwS2-cZVNkQS6REuVDYwsa3ZRe3EBVjjVr6FWAE111r0RXsZcW6XpgAVWEPxOfh-BarIndh8ZdWgY3LK9tMNrKgXzKtJE,,,0,,,,"記憶體漲勢持續！2026 Q2 DRAM 價格將季增 58-63%，NAND Flash 更飆漲 70-75%，供需失衡何時能解？
#TrendForce
 市場趨勢解析：
https://buff.ly/vyFMf0L"
2026-08-12T23:47:41.579618+00:00,TrendForce.tw,,,,0,,,,"#筆電
 市場警報升級！2026 年全球筆電出貨預測年減 14.8%，但 
#Apple
 有望靠著新機 MacBook Neo 逆風突圍。
#TrendForce
  分析最新產業趨勢：
https://buff.ly/hINN94X
 
 
#CPU
 
#記憶體
 
#AI"
2026-08-12T23:47:41.579618+00:00,TrendForce.tw,https://www.facebook.com/reel/925499010195093/?__cft__[0]=AZZXSgDeQkp9ZvnAAFWgXpz5Hc1-X-J1ATdW8r3AWeaO0fzi2eZpmv9nXmNpTRQRyGnmc_M-nvHSrIH629RP6j6CDqoITvMsKAmpU3kSQh7OTn6D5zGGAYtQNO5lTROgcVjfNLiRn83Ct3oN9urwQw9eIxChsYv3eWRNT_bsRhU08w2LFEp1baFGLdrzsu9Z5zQUVfkytlOSqQ7QCd_zGcP-,,,0,,,,"ARM 推出第一顆自研資料中心 CPU。
 新聞來源：
https://buff.ly/pELQwG2"
2026-08-12T23:47:41.579618+00:00,TrendForce.tw,https://www.facebook.com/TrendForce.tw/posts/pfbid02CnNzrGB94v8jprbRSnxE8AfbzDptjvvAjuCquZx1wC7tLMHy9UihEQojcsQCPnxQl?__cft__[0]=AZaM_R78wGHDjbDli0hY6KYK0kMHf1xZSryOUmr3rGH4kswlj2luqEDPe6mPtf8HL-kituajYsrYZaKbtfiinYiREs_FgQEvQoKGGYAFbfkwuqUnTBrt2WG6Q3jKY8To9xjjcBgdaccoNJ9w6BrCDM4egQFfC7dk_OJ4cjWO6ddKge-tzGkvvFnzmP8PQ6GTy8c,,,0,,,,"顯示驅動 IC 成本壓力增加！從晶圓代工、封測到金凸塊材料，全線成本走揚，部分 DDIC 廠已開始和面板客戶討論調漲報價。
#TrendForce
 分析三大因素左右漲價幅度：
https://buff.ly/HcaNVnx"
2026-08-12T23:47:41.579618+00:00,TrendForce.tw,https://www.facebook.com/TrendForce.tw/posts/pfbid0qdqn1LPQPZJw8353ETaxVurshzzjp2bJi7N1TwLtmGnaiEyL3sXiQEFBc9rcJoNMl?__cft__[0]=AZY6bWhNHPkTzvZb5CNKlDFDmiPpDucauvsTQmlH9I5ct1oITufaakPM654Ob2Gw3Tk2ppGshXnfy_4VKV3kLPXTDaaiu460ewYeBrKFVz68KthsrBZEBIFYbzWM0BJiqPVxj6cXklFrjXMXDklpfs52xY7X2wRiJ6-pbl8_m5cbzXuFzZiumBHUmPgNLt0SjhE,,2026年3月27日 星期五上午11:54,0,,,,"2025 年第四季全球前十大晶圓代工營收出爐！台積電市佔破七成，三星成功轉虧為盈，Tower 進步至第七名。
#TrendForce
 完整產業趨勢分析：
https://buff.ly/3BEzxT3"
2026-08-12T23:47:41.579618+00:00,TrendForce.tw,https://www.facebook.com/TrendForce.tw/posts/pfbid0GYoTN4Bf5dgRBnqXhfmmAreXAFSmnAND5oWZw4ktcEPCHtHDREhUN7PEBhMnKerLl?__cft__[0]=AZaOBrXyy86iCfEFF5rB-qOJ7paLz5WADkFkuDdUn6NhX_zUECt9Gl89DZHoRww5rnONKioyNVlZcbqkoJPib70-9_nHxPARCJVHWs5OVutFwZP-p2NaowwM7LZHDB006aUt6ygGwz1qybWvnF1AvQqRqqpeNYEgsPLGz--SU3tPh0JE7ODalU5aGaxepN2bQ98,,2026年3月27日 星期五上午11:54,0,,,,"2025 年 OLED 監視器市佔冠軍出爐！ASUS以 21.6% 市占奪下首位，亞軍 Samsung 以 19.3% 緊追在後。
#TrendForce
 分析全球五大品牌趨勢：
https://buff.ly/cVNjbPQ"
2026-08-12T23:47:41.579618+00:00,TrendForce.tw,https://www.facebook.com/TrendForce.tw/posts/pfbid0255GqeYHpKjjXQdhtNqo2kU97Wa3dFZM9CupkyxinoCapCKCSwf9QN1KmdwFRD6qcl?__cft__[0]=AZb7Mr8j91Y02FrUkNZCBDc64DEdiIcKOq_tn28hSs_pajx58MTbDWBgQWCkN_2ib5G_pzrZfUJB4WrZ2QBUNi7txoG6ehppQ7nIOuG5qAUDqyHqWfxns7lqctTG4Cdlu0QkpJa_nulWt-vmebyGYvnMYz1bMd2mxeLz1CEk3cdrxtbHt_xL9sVS2fDq7cl-6F4,,2026年3月26日 星期四下午2:33,0,,,,"【512Gb TLC價跌0.72%，然而合約價上漲預期可望推動現貨回升】…… 
查看更多"
2026-08-12T23:47:41.579618+00:00,TrendForce.tw,https://www.facebook.com/TrendForce.tw/posts/pfbid0W5uvM2yT8Qw5s2QGRAdmLd6niYoYrdBjWL5CgkW2FKsTJjN3g923xuvccqYLE1qGl?__cft__[0]=AZb6xgHjt8KPSKT_gW_DZEItPhpueijp8fPvP1cZFaQd9uwEXA_bPsFBW64Ac2u6SwjHYq_bxxCTMZRrsrYyjZg1abzg8erHQOXC3h1Z69iEio38zGcUwXlZqAsv4-SLy3P46gXkVwpVlyY8H5sJjec0WKl8aD8B-ZpFI1mmFsW6tMc1Cng_-BVUultRuff0WxI,,2026年3月25日 星期三下午1:00,0,,,,"【三月合約價停滯，DRAM現貨價上行受限、DDR4最疲弱】…… 
查看更多"
2026-08-12T23:47:41.579618+00:00,TrendForce.tw,https://www.facebook.com/TrendForce.tw/posts/pfbid0QaujjokfXAL88WnHaooaXuQ9s7gfjoMQM6tqBxw3eS5FUGkgnn9HnU41a6MP5xLYl?__cft__[0]=AZaHdQ3Q9xotvzPuLIBYU8lSpveuDHpZPbIwNnHE9MTXG_rsUCjC2eEwroxdLvZKJQThPpSvMOAKT3lu615X3ewQRgQX9yZ6m72rtzMA7f4BgM7M7u-nykiofQkoVRsjcu7raaV3IsMAy_u4C5rdT1-4Lkww48uYkL5oIf6KdzdiHkUOYMrvAmaSWai9L65xv-Y,,2026年3月25日 星期三下午1:00,0,,,,"NAND Flash 漲不停，手機容量卻逆勢升級！TrendForce 預估 2026 年全球智慧手機平均容量仍將年增 4.8%。
 
#TrendForce
 分析手機市場最新變化：
https://buff.ly/eMxzwj9"
2026-08-12T23:47:41.579618+00:00,TrendForce.tw,https://www.facebook.com/reel/1647356129837380/?__cft__[0]=AZZU25nuAw9_eJJ1QjyhZRYlnI1Mjp_oWU5MdICL1JEO7SN05kUMWA_oHT8VKFQX1spr-n7-JNag7S4eb7ao-M9gcodgKEetLx2GLV6C4-tCG_815gRnq9Rwp_TaMnQRmqe3lrns_iFwKwgmkzYz81KRXck2mQdIprQ5EskLOJmli1_EFbDvL8ilGCSuHQV19tQKYHHvJSI62EapaXHHNpYB,,2026年3月23日 星期一下午4:18,0,,,,"ASML 跨足先進封裝，進軍 Hybrid Bonding 設備。
 新聞來源：
https://buff.ly/SxJUJ8L"
2026-08-12T23:47:41.579618+00:00,TrendForce.tw,https://www.facebook.com/TrendForce.tw/posts/pfbid0kJtLckbtC4PJtaAZFJ1X1LjKRwWC1eXNXAxUyMkwPmRJ2E1ecJ5HDdWC8oNTmErFl?__cft__[0]=AZZEICqmLSix3x1rcBDZ7G7PUr9AP3XyvRpx6qDbLUK_yHUJft6SqpxCTqD6nrIj2-QaHGAlU1Mylf3RSfidfWLdvzwOZO2Fwiby71TDHDwTqqxT29L7jpqA8RxfN_wMu4PCiOlbn6lBZWPFJjchVNEkMLGu2V6ro-PGmN9S9nKagRoilW2F7F7g3ntMBGy_7gk,,2026年3月19日 星期四下午5:49,0,,,,"台積電與三星 5/4nm 以下產能滿載並同步喊漲，反觀成熟製程卻面臨需求分歧，兩極走勢將如何牽動終端備貨策略？
#TrendForce
 分析各大廠報價策略與產能動向：
https://buff.ly/nibYEjY"
2026-08-12T23:47:41.579618+00:00,TrendForce.tw,https://www.facebook.com/TrendForce.tw/posts/pfbid02L4UdPaE5DWE7QeCe19UhKqXkmN4xZaMJ2CcviZe11myqj25HVaDVucsGVMYRKHdwl?__cft__[0]=AZZ_fpor3NOIxgQ6o9Utwbn3Q5O9VTQnfbkjk9G7QelCUNHIK1bTVGJ1J2H8AqKZdmcNY9FrFVHQAIEX-J3eY1rgz3JEATYVfKjT8rbri2qAqaDwL_viBfM8hkFnnA5kYDdQgKOTCUQ6FduuFvO4mq11Y9WF1JnUVh2xRjjdWu3O5monrTVx5K-aDGhNqz96ALA,,2026年3月19日 星期四下午5:49,0,,,,"雲端廠擴展自研晶片，
#NVIDIA
 GTC 2026 轉攻 
#AI
 推理市場。針對延遲瓶頸，全新「解耦合推理」架構如何結合 Rubin 與 LPU 突破運算極限？
#TrendForce
 分析整機櫃出貨進程與關鍵供應鏈動態：
https://buff.ly/jWFmHc6"
2026-08-12T23:47:41.579618+00:00,TrendForce.tw,https://www.facebook.com/TrendForce.tw/posts/pfbid0cToouUG7WzYUqHGNgBK4Cvt6yMpDySbgQ2zV2WJ6sV5Fo7nrje62jNtgP3zmJd6Kl?__cft__[0]=AZbVwUke_rkDiVLZYIH6Jw3PEfHZFt_BoGqVnthzxkN5y5wHJAqkPQA-xxsWCqUXgr3gvu6pD7LyGqMVGn-OpHcVe-zmuWFc0zZr0J2u2xRA_WfeirJj_35lS2ubRhHpodKqVD1T9hsn3YbMfjmHbbEru9BsusX1iLOJJwx_VECLcO-hfUYgEiSbAAd8jhwH5kE,,2026年3月18日 星期三下午6:13,0,,,,"【合約價強勢走升帶動，NAND現貨價有望回穩上行】…… 
查看更多"
2026-08-12T23:47:41.579618+00:00,TrendForce.tw,https://www.facebook.com/TrendForce.tw/posts/pfbid0brCs7QDasPto6oMFUAvtvNcyQd5uU5BqJPMUAi4iYXDdRPkwqzNZakFpMHdekdkCl?__cft__[0]=AZbzKVyRhCZfgTWU6AtYmkvjEIllVqHK0dej1XaJuauT2RVE5HPAXqVzCnafcSJdY5NPooMQdeV1x-cWHgDNYg_M7UdNjxFTbzrVIEbHi22TljhrpXSvj75oBs47p1sz-v0eJBWxHoMY2oQLHnjQLylwtqv7IgE4DmCMfL4w_KpF_LWPB84sHVNMxswISvkST10,,2026年3月18日 星期三下午3:30,0,,,,"【三星三月消費性DDR4凍漲，DRAM現貨漲勢暫採煞車】…… 
查看更多"
2026-08-12T23:47:41.579618+00:00,TrendForce.tw,https://www.facebook.com/TrendForce.tw/posts/pfbid033faqGxVLJvoYbgkUaBBRKV1ujXqqSjQqoL8uPhREGYw9mrqh8An2K9CjeRrJzZv3l?__cft__[0]=AZYi61Dsr7BZI_0dB20IqgJxzu6a30WOsEPU1KBOJ2lVtTAr9SjN4URrFiMYYuVF-1wxnCYWuR6vmTCFwfi7yrfUGXv1xBuqQs5R_TeDSxQO9UEOGkFo5R9dXZlwHmw1jjdJ0E5ZV0JXkDsMMAPlUTEH_HKlytDlsb9riw-T-GrlQArCg3qYAkxrBnz-oNfzwhY,,2026年3月18日 星期三下午3:30,0,,,,"#電動車
 電驅市場創新高！2025 年 Q4 全球電動車牽引 
#逆變器
 裝機量攀升至近 965 萬台，創下近兩年新高。
#TrendForce
 盤點供應商市佔率與關鍵優勢：
https://buff.ly/rdqEr4L"
2026-08-12T23:47:41.579618+00:00,TrendForce.tw,https://www.facebook.com/reel/2022367124980070/?__cft__[0]=AZaIJo3dZ8eXWPBNkv70HzAEXe3tpAVcL93RhUhItSTvlQWTrWMYG4SqEvE_fEgS-aFYjrv7RuAguBE0ZEksZvst-Hm72c9Zk1y9DfVz_C5oYUUWpxUGdy4EeCxgM9nekFhSaIQQ--engKcoiAXgRewLsH_2sANe_MsPN4Zw6BzfytV-em7RJ2mq4lqWJzZgtTDTt6dlotjcCfTdZfwJKb56,,2026年3月16日 星期一下午4:18,0,,,,"傳美光出局？輝達 Vera Rubin HBM4 供應鏈，三星、SK 海力士先發。
 新聞來源：
https://buff.ly/N5RVyS4"
2026-08-12T23:47:41.579618+00:00,TrendForce.tw,https://www.facebook.com/reel/1999367674349760/?__cft__[0]=AZbitHrRql5snUDcExsVY52dgYTipoNdUd6NY-7mM6Wqy7fX5OKfSeeXAw12Bj2PSJI1BHgMfyqFLHx-aDb0kreQKDoCcPGRBqSaardHEHyaDF33A6dOkwn1RU5rOyPE-zXQaykUPsh_YdM5iyZp3r02_p04ZvkYPyXKtCqiWD1wcb0MHyZkkw5ScaUDHIEF7kUmU-Uoidpw-jlhyU3WxMnS,,2026年3月15日 星期日下午3:01,0,,,,"華碩稱記憶體缺貨將持續2年，與供應商洽談3-5年長約。
 新聞來源：
https://buff.ly/7PdDRq7"
2026-08-12T23:47:41.579618+00:00,TrendForce.tw,https://www.facebook.com/TrendForce.tw/posts/pfbid0FqxUCFuwsLTgi7BrmeKMSRCLhGszGnDbMVnmayNYtnP8sd1wzntADfEttb8yiJMtl?__cft__[0]=AZaelpfcROzjOoa_JPb66AdxOO_LiHPGhHNDJe_b7NXH23G7YI_axPriKSjjZxlTLwGfGG_0xGNr0D6syHgE2oJJE71UjBF3RhvuyS0fAZxckEr61bWVeWC1WLgc-lRvVgBYXVyuWVGZeEuFlwKfo0mqRwo6cOw4rqZ5mzQI47dxKp-YZp-e3CAhyNgviZxIB44,,2026年3月15日 星期日下午3:01,0,,,,"面板產能版圖大洗牌！陸系高世代線產能持續放量，台系廠加速關閉小世代產線，預估 2026 年全球 8.6 代線產能占比將升至 26%。
#TrendForce
 解析產業結構轉變：
https://buff.ly/xzU5get
 
 
#友達
 
#群創"
2026-08-12T23:47:41.579618+00:00,TrendForce.tw,https://www.facebook.com/TrendForce.tw/posts/pfbid02JiwP2v1Bv1i1jRzjsDR6176Yn4CSd9njGFztbfyVfPR6SkULmPu4S7NzqqJVbM4Tl?__cft__[0]=AZbjl1i9Mq-wRXYVq0nBtMNpwlPP7gd9N-t4fy269uQilVbShZOq7EU18wJPJFalnWA7T9S-4w89aZLmMKuSpxFs9VkzK8qKafPB23Vlb0tdq-yNa39nBbptI_bZt2T37z6-ZiKY5dg0soafPYct1E-G9i0LrsRN8m8o2DusTDlsdEbpVNuxvDEuLee250lUhIc,,2026年3月13日 星期五下午3:51,0,,,,"AI inference 帶動企業級儲存大爆發！2025 Q4 全球前五大 enterprise SSD 廠營收季增 51.7%，突破 99 億美元。
#TrendForce
 分析更多關鍵產業數據：
https://buff.ly/3JE8HCg
#Samsung
 
#SKhynix
 
#Solidigm
 
#Micron
 
#Kioxia
 
#SanDisk"
2026-08-12T23:47:41.579618+00:00,TrendForce.tw,https://www.facebook.com/TrendForce.tw/posts/pfbid02Fjx1Ees5YBBVhBwwkEX2KA63pAMRFzwq5JNSsk7tZozTzLoSLPdLPjtXgBX37Q13l?__cft__[0]=AZa84bn282ZbW5BCrxjvPmJO-XB7_bMHDYq20wngyJs74RQyAASNKWvOpEBlP2pfkR91dOJ7k_HZnMeOVf9XzfLS6Se4qu55ZMbkKMeW0pJLc0eMbFsv1DVWYNhCCurAHsXrIokgA6A2AxxBks23QlpBuDznaS69abvH7UzRcsxE-LbneH4jXQHK_GIAIVdjIOA,,2026年3月13日 星期五下午3:51,0,,,,"面對關稅政策急轉彎與美伊衝突雙重衝擊，Q1全球政經動盪加劇，終端消費信心承壓，OEMs第二季訂單規劃恐趨保守。供應鏈漲價延續，資本市場投機氛圍濃厚，MLCC供應商面對國際局勢詭局多變，以及科技產業需求兩極化趨勢，清楚洞悉與預測產業供需結構變化，來作為未來定價策略基礎，將是今年運營重點之一。TrendForce認為，當前高階MLCC儘管…… 
查看更多"
2026-08-12T23:47:41.579618+00:00,TrendForce.tw,https://www.facebook.com/TrendForce.tw/posts/pfbid03oLgPnsf62nqyEppQ12zwAwhFTavwRb7JfVUFhpmsYpksPP7grcZQGzFbPmszZH2l?__cft__[0]=AZYBibbt-jwaiOxoE48syJHCKFUnn8LxLHVObESDZgNd3IuYXd8jo0TWV9z0Rr8OSg8i_1EdP0tAQxvs0eR04LNb8F_Xq3Yl9HmUqw_CQCLQRdagqnNYfXKK8U6xFWiX1T3xFlKRzXAkkzV2j7RtV3waNG0lUwikXtk3HfBPTPTmd6JvV62k7M_C59B3h3ky3SU,,2026年3月13日 星期五下午12:00,0,,,,"2025 年前十大晶圓代產值飆破 1,695 億美元創新高、年增 26.3%！不過 2026 年記憶體漲價恐衝擊終端需求，下半年浮現隱憂。
 
#TrendForce
 解析市場動態：
https://buff.ly/3BEzxT3
 
 
#台積電
 
#三星
 
#中芯
 
#聯電"
2026-08-12T23:47:41.579618+00:00,TrendForce.tw,https://www.facebook.com/TrendForce.tw/posts/pfbid0L7D4s6dhhSxyJ9FWUGWuMZQhb2HqUJw78JNMZaFJwLY1CC1uUW163ckRgvsYfp6ul?__cft__[0]=AZasIfcmvM9kjx3OX728ds85EmWkN33gdrCJGasrdpMYX79l4doRcE9mm8Z-ONmvPlAg50EBnhJKuxg7ktbmsHxbhvp410jtUrjZ5iWCKjdny6Ml4RsjfwEFPRRAHHUoGgfAYRqvjsEm5IA_3W8N6XMjWy6kd9dNIQTAB2yRXute0ySXkBVd9P1RM7mKv2qK638,,2026年3月12日 星期四下午2:04,0,,,,"2025 年 Q4 NAND Flash 五大廠營收排行出爐！Samsung 市占率微幅下滑，SK 集團營收季增逼近五成。
#TrendForce
 解讀更多關鍵數據：
https://buff.ly/dtAW5tc
 
 
#Samsung
 
#SKhynix
 
#Kioxia
 
#Micron
 
#SanDisk"
2026-08-12T23:47:41.579618+00:00,TrendForce.tw,https://www.facebook.com/TrendForce.tw/posts/pfbid02cZbTizN1Hb2sjMBwHvXvWujrjoHQXdPrSaLg1rPD17p47jkQEhpVHRzroRsjstfel?__cft__[0]=AZZxMmuic7Z4k7PP8G7dpMFZgrE3vNCp6hhPh2Xj1nEf7eXBYjxfGwHC_wUk1yHgO99qntES97aE5JLb2KrRhp0jkUZ02F0_XV3pgYIr57n9M2yquDX6nBSakRcRV7DC3JKhgLnGMO_2yGVr_HnyEbeFoyN5Lznur2WvEPvqP_KmP-99-FgJF78yrIKA04kw3TU,,2026年3月12日 星期四下午2:04,0,,,,"當中東戰爭與油價狂飆拉扯資本市場情緒，全球供應鏈也籠罩在關稅風暴之中
美國最高法院裁定對等關稅違憲，川普火速轉向《122條款》向全球商品祭出 15% 臨時關稅
高度…… 
查看更多"
2026-08-12T23:47:41.579618+00:00,TrendForce.tw,https://www.facebook.com/TrendForce.tw/posts/pfbid02mkKd3bxdshdGGvEc2QMTEJTFiW95CikTy7PTXtafqygW3o9x819HxqJ52Qk6GLknl?__cft__[0]=AZYlHMcyZjz2kPKoesk8n7NbmYuxov2MLY4EBb4wshI7STRs1KovyWhkPVTK6GFCDRGzB75CAaiYh8O6NzqH9t4_wSxwT9AmCrPpmORUL0-XGNenavLQaDFm_9T8RmHSC7n8UtM8euHvh6ay3nR3GMychX4Xo7tb1hXwyMCb898LSq9mrMfbLeUfjMNOGotU-48,,2026年3月12日 星期四上午8:15,0,,,,"#AI
 算力推升資料中心互連升級，銅纜逼近物理極限，NVIDIA 砸重金綁樁光通訊供應鏈，CPO 將如何突破跨機櫃傳輸瓶頸？
#TrendForce
 分析輝達對光互連技術的布局策略：
https://buff.ly/XG9U5Il"
2026-08-12T23:47:41.579618+00:00,TrendForce.tw,https://www.facebook.com/TrendForce.tw/posts/pfbid0GttvN7R64SvNHmqWBcKgoZqQDpb6SHTHuwR4nZjQg65AxbScn2HkB2ESxrH1r165l?__cft__[0]=AZZktT1egmgd8EmdYm_KWI8FqKINokeq9_gba3VlMsGhup1VB2DlOfwMp26GbvnAwvWkO4dybtNRUCNP91u2RGISazdVRjbHET0saRNXQt2vyQzYFW3P53JlGvZD4b54N10Rxx1dy-NXj5bHhWh2leSlM4JOb-ed2XP8AVMuSeRu6cvxe2iGtSlHc_Qs0vOqnMU,,2026年3月11日 星期三上午10:00,0,,,,"#AMOLED
 技術路線成本揭秘
材料利用率、良率與效能決定成本，資本成為入場票，當技術與資本決定誰能參賽，小面板廠如何應對？了解詳情
 
https://buff.ly/mLD7WqD
…… 
查看更多"
2026-08-12T23:47:41.579618+00:00,TrendForce.tw,https://www.facebook.com/TrendForce.tw/posts/pfbid026RU9AtKYsjse4z5Z3Kh2FBWEyQ4yzDjY5DAc5dUjjRwaKsJs5CseJmTaPwL3eCj2l?__cft__[0]=AZYBxw3ZEUMfgO22umbZ5B1LId_3IqXyrKIaa-2tz1dvz7pyNQWXsn7Y9oz5k86jEgB19FgsVKk1byCV4tIpfqlxCuXpm-Pqf5gU3sm2R3JEPAfYWjUGOBpMtGvJse0dPj7RrabJohYGqSpDqz9CKiFS9cMKYzCe_3Q7mTuXPyiWSclp5FEGH9Js-4mLq5dmGx4,,2026年3月10日 星期二下午4:08,0,,,,"2026 年全球筆電市場深陷記憶體與 CPU 成本調漲雙重夾擊。若終端售價暴漲近 40%，品牌廠與通路端該如何守住獲利底線？TrendForce 分析供應鏈最新變局：
https://buff.ly/vV9EkBY"
2026-08-12T23:47:41.579618+00:00,TrendForce.tw,https://www.facebook.com/TrendForce.tw/posts/pfbid027DmqUpKzWFhwWQKoWXWN8GgsvCJBJb3rwid4183q6kS5cUzZL7JTvqf61fwpV6Sjl?__cft__[0]=AZavEFzRBBghW8tBxDB2oA4qhSAOAE9i6QVf9BCjwB81eMqKPxiZ3CVAb-AM2uvty0WKu6L9zr_9CAqPW3njuw9U8WC1YnWz9t3H5v7pzfJRAvwevEAZHwQFwiELzKpnNGY6OXA-E_JNlB1PmGQ85dfjyl3ny5TlBgyhd_U0H9EnU0iq4ILOccTvZgVbjvEhhzk,,2026年3月10日 星期二下午4:08,0,,,,"記憶體價格狂飆，智慧手機成本遽增！預估 2026 年全球手機產量將年減約 10%。
 
#TrendForce
 解析各品牌應對策略：
https://buff.ly/UUMyxxh
 
 
#Apple
 
#Samsung
 
#Xiaomi
 
#Oppo
 
#Vivo
 
#Transsion"
2026-08-12T23:47:41.579618+00:00,TrendForce.tw,https://www.facebook.com/reel/1635768797455862/?__cft__[0]=AZadYEU6qi9RSsShmyPR1MyTBc_2GQ5OW-GESWGEJFB19LSzL57-FVkwKVIfG710Mgt19MXYV0CDQJpnXquayrXBm1ZfBNl3YckdbwKwXFHKHWp8rSZ30R7l0PTxj__EIIlagAYiGuSHdbCmx2LA6fJ0eZ2x0OVnyj7wgh5CAkF0kfRCUjIoW-bttyppxzEEVfsivLaE7aEQK4yUT52bIFEY,,2026年3月9日 星期一下午4:41,0,,,,"被動元件漲價潮不斷！村田擬漲 MLCC 價格，三星電機也可望受惠。
 新聞來源： 
https://buff.ly/3NtgGGM"
2026-08-12T23:47:41.579618+00:00,TrendForce.tw,,,,0,,,,"美光 256GB SOCAMM2 宣告開始送樣，記憶體大廠角逐 SOCAMM 市場。
 新聞來源：
https://buff.ly/jJakJs8"
2026-08-12T23:47:41.579618+00:00,TrendForce.tw,https://www.facebook.com/reel/1437793121154716/?__cft__[0]=AZbcbf4GdJtD4x9g5YmTnfWfL5IMk_1_Qu3aDPKo7Nyyvz1ZJ9lo3UGYFYjWWcf4oH9eMclDkspNnYOnCgOStz3R17Zly6qT-lvdnr6bDgIi8juzzVksmkrhh17LPS40d8_FdBqnHHUA6aueAYbe4Ztag1hG_8vnzsQEhGtkzkX-pAJ7wHeaRSfIGT3KlnX3vBhSnZ5gntC1seJ-c250MdkB,,2026年3月9日 星期一下午12:32,0,,,,"Galaxy S26 當開頭！三星拚長遠目標：所有 Galaxy 手機都配自家 Exynos 處理器。
 新聞來源：
https://buff.ly/S96wgE1"
2026-08-12T23:47:41.579618+00:00,TrendForce.tw,,,,0,,,,"新一波 
#AMOLED
 產能競賽正沸騰
中韓面板廠擴產加速，供給與競爭壓力升溫，使價格下行風險可能再現，誰能撐過淘汰賽？看詳情
 
https://buff.ly/mLD7WqD
…… 
查看更多"
2026-08-12T23:47:41.579618+00:00,TrendForce.tw,https://www.facebook.com/TrendForce.tw/posts/pfbid0PJRr6pfUDExGMQnKTnRs4m7ezjT9AEuuNs8QTykXDwY3ML77KsCipfUm41HP1fYBl?__cft__[0]=AZZsYzSxyL_HRb7Clb0AICRQ72367JWDMKbQh3aTX9wKjJL5wpjqnA4GGNQ76Et2MqDdcKRUJ_t-vkpdqx1wiWAi9mbTVXYeaUW9erY47sIvzy3ZTlhkjQKEyQdWw9A7bizSKyZtPh3BZeTw-hJFFIDo8cZ81DoYVe66Nb0iDKuU-1H-tjh4O7FlXz0JCwW-jy4,,,0,,,,"蘋果最新 MacBook Neo 問世，直接對標Windows陣營主流價位機種，TrendFroce 深度剖析蘋果供應鏈掌控關鍵與定價策略：
https://buff.ly/g6vHL9c"
2026-08-12T23:47:41.579618+00:00,TrendForce.tw,https://www.facebook.com/TrendForce.tw/posts/pfbid0UgLHPeBodnL4SgdgX34i2DcH7qiTs37sE7xzUeGpyR3ypaAotfceL6XofrYt9h1zl?__cft__[0]=AZaTGh1mGqnAExRv_82m4XmedJRC55UgZ4n_hYXw61lYjOyi7VJNy42Xf5vaR-3j_zixU4-Z9yO364vHdRzk5God6n2EiZg4OxMP6UkTmPFSAoutsuCKFdHJEnQwCLre2FtGd6Sn7F7IC0Nb8BaeeMxsqWehU8XAN7PIvMeaXK6YPrBkc0IBOXIMYgcsbDSwC9M,,2026年3月5日 星期四下午7:02,0,,,,"記憶體成本攀升終結手機面板成長週期，預估 2026 年全球出貨將首度衰退 7.3%。品牌廠加速淘汰 LTPS 轉向 AMOLED 技術，如何於零件漲價與售價間取得平衡？
#TrendForce
 分析品牌廠策略布局：
https://buff.ly/jT2NVsi"
2026-08-12T23:47:41.579618+00:00,TrendForce.tw,,,,0,,,,"全球半導體供應鏈加速重組，掌握 AI 算力正是企業搶佔 2026 市場先機的致勝關鍵！
…… 
查看更多"
2026-08-12T23:47:41.579618+00:00,TrendForce.tw,https://www.facebook.com/TrendForce.tw/posts/pfbid02teuRAzKy8nihfUQ9M9kyj2wakuLRE31rN2yeiDYY3ExFzfzw5NXCHLT6RGfiuYhMl?__cft__[0]=AZbsA_dz8RdGTAwWWLt5-iLOSgiX_b1EA1DPecRnfDU-eyDOwyOC2QM-CG1eANq0Vv94_mq3AaiCK0MsRBEx_Nyuny0PYt9CUdZvEzbHDYQMpkOayAh_1-QvHTATDhZugQ4JwWRp6IDkP7nPHPXbzvFUoPq3UVKz7uNYg87-0WPtSwNJlRt6dk63zNOb_wgEkVU,,2026年3月4日 星期三下午6:00,0,,,,"【DRAM現貨價仍高於合約價，2Q26報價談判前交易氣氛偏保守】…… 
查看更多"
2026-08-12T23:47:41.579618+00:00,TrendForce.tw,https://www.facebook.com/TrendForce.tw/posts/pfbid02VvxTVCBma2mrJA13UmSVR4sW9eGDrs8DR6w89XXsu5ppgKsns1LRtvvQpH1NyKkxl?__cft__[0]=AZbpZRPn_IiMVJyHf5_66ne_rSGhv7G8jJfFR9ytDn5ZSxXWprOKDHTVXKSK9AG2RH_zFFSikaCnc3IX9taJd_3arteKLVGudD8WhnF9D77ym28E0H-upE4virRokSUzk_f-1bc78vpuOQ-jF4CDg8y58clwdQ8ZzfVFomK4L6DFks2PzTwzhopfVt-6OtPwXeU,,2026年3月4日 星期三下午6:00,0,,,,"#AI
 帶動資料中心傳輸需求，加速產業「光進銅退」。Micro LED CPO 方案如何突破瓶頸，將能耗驟降至傳統銅纜的 5%？
#TrendForce
 分析全球供應鏈布局策略：
https://buff.ly/YdlddaD"
2026-08-12T23:47:41.579618+00:00,TrendForce.tw,,,,0,,,,"【512Gb TLC wafer現貨價強漲14.7%，買方仍偏觀望】…… 
查看更多"
2026-08-12T23:47:41.579618+00:00,TrendForce.tw,https://www.facebook.com/TrendForce.tw/posts/pfbid0te98xnwi4pxY8VWcpWzfTWeqFFoFmbhnETo5w72mcVzidBuJ46RatqfCzFmBNQYil?__cft__[0]=AZbBPibMoVVphqloyO73sdobkz6Lotgx6i9vMDqv0Ksdtqu8Hb7Nw26xIP3WUu3_Rd5UrsqerST1oUINQgkm4Sn75jSKQGdHVCf2bTJ4AneNW57-l_eC0VuOISl4hk7escPrhPTX0BpuoIOyOrl7DypzWuL9MN8ouZU-hx7ix_NJ2y4yZXOXkuX4hwnZbkr_auE,,2026年3月4日 星期三下午5:30,0,,,,"美伊衝突升溫，中東能源供應面臨不確定性。了解詳情
 
https://buff.ly/l3duOUa
#DataTrack"
2026-08-12T23:47:41.579618+00:00,TrendForce.tw,https://www.facebook.com/TrendForce.tw/posts/pfbid02j5F5TpEfbFXMB6QCZCg8kd5WsBtpTPzWM4PpbsEBiCAYUAcWWiHL2rs17E9UFPKTl?__cft__[0]=AZZpenXNxVJedOn-uc0ZuOUdcptIRFx9qvvs2tEUxtJoM2U4NNZQmCaN-_Q7tu-zBpiBSMh-bfs9Th0hyMq9tZ1nssJovaQAU19BUR4CwC7cyhRVJqvvEQD_8xX09v7JVgQoe3-P_r5b8lAF8hdoA_o6cdaBX2hUjmVLCIjbqacfAffsz2nkS5S-U1DkEpGMFLA,,2026年3月4日 星期三下午2:51,0,,,,"從 10KW 到 1MW+ 突破，AI 基礎設施將開始新的時代！…… 
查看更多"
2026-08-12T23:47:41.579618+00:00,TrendForce.tw,,,,0,,,,"DRAM 龍頭換人做！
#Samsung
 Q4 營收季增 43%，市占回升至 36% 重返第一，
#SKhynix
 與 
#Micron
 緊追在後。
 
#TrendForce
 解析記憶體產業趨勢：
https://buff.ly/wlPhFmA"
2026-08-12T23:47:41.579618+00:00,TrendForce.tw,https://www.facebook.com/TrendForce.tw/posts/pfbid02XFqiysX79HmWSWCjM3CtvLZLNR5ebF3N7J5i8VNdnDRCwz8yUsPfJU7ipZSJgikel?__cft__[0]=AZb_POQuzi7ZNslESBBKBqs-czMAXQYpvZv1i6d8FDCjIuYGCUsun1Lgr3PpfsBN-YdGIG7gzvftt4L1sbSyyWrzimRcBX__5flZ6VkdjQNiejvHW5lsKEl_DqbYdchtN7CT7YOPmVDKLV_RBXvwagTHpiZIUzUTbMXFxuhkZAuPxQT-ApNjW1O8-E6MZZlb_pI,,2026年3月3日 星期二下午5:00,0,,,,"NAND Flash 價格上修！2026 Q1 整體價格預估季增 85-90%。
 TrendForce 分析各家原廠出貨策略：
https://buff.ly/dtAW5tc
 
 
#Samsung
 
#SKhynix
 
#Kioxia
 
#Micron
 
#SanDisk"
2026-08-12T23:47:41.579618+00:00,TrendForce.tw,https://www.facebook.com/TrendForce.tw/posts/pfbid028wbHN4A12wbiYCRkaZ2hZENek55sm8Cv24kJVvEjxsrcCdtgtbzc4jA3heah3kwEl?__cft__[0]=AZZmSRh5BioU9gZRrd0f6S7J54MvGEwdZBSvqzUZmTohSzjHAZHDtUfqHDPIqxEXiMqaYmz7nbxY0gHg27mCPWS6V0c5BwBglfWkvk2wSaZjm95lpFRan4NOpxxoBRghbwGj3WMZsiSsoO7v5rSgtJ1csRn8EQk9YFrnJPI5C2tp4XzFyqvIAjecSs1Wj3fy6I4,,2026年3月3日 星期二下午4:05,0,,,,"AI 浪潮下的晶圓代工版圖，2025 年第四季財報全解析…… 
查看更多"
2026-08-12T23:47:41.579618+00:00,TrendForce.tw,,,,0,,,,"蘋果將全面轉向 
#AMOLED
 點燃爭奪戰
iPhone 與多項裝置將逐漸採用 AMOLED，關鍵訂單長期需求確立，面板供應鏈是否會重新洗牌？看詳情
 
https://buff.ly/mLD7WqD
…… 
查看更多"
2026-08-12T23:47:41.579618+00:00,TrendForce.tw,https://www.facebook.com/TrendForce.tw/posts/pfbid0Wc49zyHFMj1PUGjZ1JLEoYZpsLH3TdqaE65K9x1VdRZkHtEkTkfg8zfY9GEfjowvl?__cft__[0]=AZZ-y93n323IvISRZAUzC_6cb0znA5luyOueh-zD7Vd6p5YmK9AjilsUizzcGU7EHiNAPTJ362Gu29Mj7zEvnfNvsG8PTX37y5tZjXvK2NGANq1YtRV0B1BbIXM8pdDrC2vgfwV7AEE0xJO5Eob4uf0Uc9n6b2g71zuk4zY60jg_fk_M7jVrW6kcrZUeHPSE2X8,,2026年3月3日 星期二上午10:00,0,,,,"#BEV
 王座換人坐！2025 年 
#BYD
 純電銷量年增約 25%，正式超車 
#Tesla
 登上全球第一。
#TrendForce
 分析最新電動車市場版圖：
https://buff.ly/Sbzzpxz
 
 
#PHEV
 
#LiAuto
 
#Xiaomi
 
#Geely"
2026-08-12T23:47:41.579618+00:00,TrendForce.tw,https://www.facebook.com/reel/881412008044762/?__cft__[0]=AZbUwmwFvjz0KZgQDrTMZAP8by5uYVYJHJPCFJa_kTwLlS_QHn6hYyqlHnwLJVOlS98r6GLoYbPkenIBHMKzZvnfEOpeAMLb64IPUfh9SHUmL7-ntKfZHw2PjyDbBCssyz1lmn4wKsH19YdBKCkdt3U4zTnN2_tdI3lNU9WpfuY3xxXSzj8vkrVvUEVA3Lk8eQ1mhYxDnTCNGH7lwEXef8Ci,,2026年3月2日 星期一下午4:30,0,,,,"三星傳將結束最後 2D NAND 產線，轉生產 1c DRAM。
 新聞來源：
https://buff.ly/6ycJoA8"
2026-08-12T23:47:41.579618+00:00,TrendForce.tw,,,,0,,,,"DRAM 產業 Q4 營收狂飆 535.8 億美元，季增近三成！預估 2026 Q1 conventional DRAM 合約價將再飆 90–95%。
#TrendForce
 完整分析產業營收排名：
https://buff.ly/wlPhFmA
 
#Samsung
 
#SKhynix
 
#Micron"
2026-08-12T23:47:41.579618+00:00,TrendForce.tw,,,,0,,,,"輝達年營收衝破 2,159 億美元， 「代理式 AI」引爆資料中心算力需求…… 
查看更多"
2026-08-12T23:47:41.579618+00:00,TrendForce.tw,https://www.facebook.com/TrendForce.tw/posts/pfbid06cid4yxVvtdQ38g1EzVqpb5tQP4fyr9DgFBu8xSnbt3cj7ABhvHSZXN9uSsvCEmzl?__cft__[0]=AZb19aWRStiJeEfQ7vLcBRS2thCTcb673g4PVDXfy-RRP66PtoAwuuipN33GKrSOSSTp-u7DRXGTOGjszFOhZAB3tgJiHdUorrfvX3DN8IH51mPwNiUjqD1-M1aciPV2oR0KiI6FOp8KkR7rN7YoWwS2vxBN9lSu19p-dFAHdNB_S9Eb-EXkI7e-s3608cgh6fE,,2026年2月26日 星期四上午10:26,0,,,,"全球 CSP 擴大 AI 基礎建設，2026 年八大廠合計資本支出預估將飆破 7,100 億美元！市場高度依賴 GPU 方案之際，大廠如何憑藉自研 ASIC 逆勢突圍？
#TrendForce
 分析雲端大廠戰略布局：
https://buff.ly/6IJtdMp"
2026-08-12T23:47:41.579618+00:00,TrendForce.tw,https://www.facebook.com/TrendForce.tw/posts/pfbid02BQ7PvY5tZB8uQz31SdrXAjXghVixdAATc6LBMjBbF5amuXwjJxqi67WmqhciyVhal?__cft__[0]=AZbOY2TjpWLoL4IfX_e4FcGQ0OJ08cjtQ4gbdPXkElKW9pOZR5LbCW4KIGPbtAdwWPLxVeaK1H1gU4hjT75SE9ePFma9ncK4JLHiMnhY4r5KIXBHz-g4enu3LyHLt_qiIf5bNP2rpbP6nFEojD34sY79byY4tARNMVKaJIdOdUD6IhNkDXsOkLX8f-eBHg8TJKY,,,0,,,,"【2nm 進入量產階段，AI 算力紅利你真的分到了嗎？】
CoWoS/3D IC 產能長期滿載，AI 晶片供不應求，但算力紅利卻未必人人分得到
…… 
查看更多"
2026-08-12T23:47:41.579618+00:00,TrendForce.tw,https://www.facebook.com/TrendForce.tw/posts/pfbid02AmCSY2z4mbbu9J3McSFxoxLczidDVQPPnA8wKzg1urDtmeQjecWB1JhnSWZfENFGl?__cft__[0]=AZZSeiM1k99bN1rKs_nwc6zHGjfU33bJi7n7ENVs8q45WknD3g1DjgcZAI9RNcl1ss8NVXfq23Jc_dO4TWjHOMoRrxeJ25oB7wotFiX7c0gksGI4oUiU8wBBb0jr7eSlvQT3FJPnoF116Ulp_RaxgMvZ76XEFeSag2pLLzJePdNpTkCeKRQaQunLL4Tqoav1_ks,,2026年2月24日 星期二下午4:39,0,,,,"2026 年 UV LED 受惠成本與需求雙重支撐，市場規模估達 2.15 億美元。高功率單晶封裝加速導入工商業殺菌專案，傳統汞燈將全面汰換？TrendForce 分析大廠布局策略：
https://buff.ly/Iug3H9a"
2026-08-12T23:47:41.579618+00:00,TrendForce.tw,https://www.facebook.com/TrendForce.tw/posts/pfbid0B2NvnC9oQN8WU17RKYBZAwqfGPirEu83jAiwGbwG4AVRvK84vmS1przijWYaN5wYl?__cft__[0]=AZaH-4c_u6AzKNstQlG4h3sYdca-P1Slc2IVllDuKvQ0m_cfOgcIwf7jZD8c2apsFhro3ARnRGMDPnTWTj6z-yHfUxdONKEkSoipupVe0K3inos7hd4c7740LOEDbaOzF5fSIbNbJpnhznb6tLE8j0wlj7lRHAXPOhVX7xwhPW520i1w_hu8mB9_DKn_cBC58Sk,,2026年2月24日 星期二下午4:39,0,,,,"超越晶片競逐，AI 基礎設施的資本回報關鍵在「機櫃級架構」！…… 
查看更多"
2026-08-12T23:47:41.579618+00:00,TrendForce.tw,https://www.facebook.com/TrendForce.tw/posts/pfbid02pJr7fEQ8TaDvJGBmdpjBB6wjpwXjaoLdU9WpgG8VfoTqseJVFhM3TKr818k6eAypl?__cft__[0]=AZbZEYFXrlVhn62owdjm8kdoPNo4S-wyrr5q0AEdRY_DX_y7QdIMS9HUo6VVqG6UjPYol_BN9TxiwFezBunQaMFqiyLT40_mb_dFB6tOm2igZgjBdflZd3Md6tOqcS5W3wPFTNII-iO4j2p0debm7E4BQFqI_jjLkDQNIQMFckxNYxoBX0bofFLNkvMCZ1a3HqU,,2026年2月23日 星期一下午4:00,0,,,,"AI 浪潮下的成長分化：半導體設備五巨頭最新財報揭露產業新局…… 
查看更多"
2026-08-12T23:47:41.579618+00:00,TrendForce.tw,https://www.facebook.com/reel/2039983639878724/?__cft__[0]=AZZ-C_6xDUhpQ3cCjeZKFJyLE5wFY2x8QDZ3Cx2GvQkI-FijO3lFL0zQUVqlciSkv2skJKHBeZSsEZHhw8fsj77SIE2UbTwoapDIWpgMCwSA6Eo4HHG-Rh-6U09-SQkM64pbafGK4qjEJ0dRn1Ggen-a7q7wg0Lwj5jSAIXXNAByPQgNBEirGU5b1UZD6K1m0lhiCfFbFmizQ9SQh_OtkoUw,,,0,,,,"長鑫存儲拚部分產能給 HBM3！韓媒憂與中國差距「縮小至三年」。
 新聞來源：
https://buff.ly/3OCYrjW"
2026-08-12T23:47:41.579618+00:00,TrendForce.tw,,,,0,,,,"記憶體供應吃緊，PC大廠傳考慮採用中國DRAM產品，HP/DELL測試長鑫存儲晶片。
 新聞來源：
https://buff.ly/fdPImpw"
2026-08-12T23:47:41.579618+00:00,TrendForce.tw,https://www.facebook.com/TrendForce.tw/posts/pfbid0wwNJFfV5eA2dp3vkKtbc9uUr2hiW9cVSL4on3Dfb3C5gZ4nyeSpfoQ1J7YJM6eDml?__cft__[0]=AZZa28F_9iXeUtNk4JtXjZdyiNPhEQWtV7dTPwCAAoBtTP8-Ep0F3ZmnBAaZOTaoQS_WJFveIkqcIuUJ05OpQU0glYVnY2rKlLaFMf1StNBgB6G8GzsF2HpwpJlNTPvYLlFLNihlV-vq7Inup4Ko2OwqjQb9HOYSMPCGLqXOwieSb9raW2WzBzyt66QmSY2v3Hw,,2026年2月13日 星期五下午1:39,0,,,,"NVIDIA Rubin 平台可望帶動 HBM4 需求！三大記憶體原廠驗證進入尾聲，預計 2026 Q2 陸續完成。
 
#TrendForce
 解析 Samsung、SK hynix、Micron 驗證進度及優勢：
https://buff.ly/5D7jgZ5"
2026-08-12T23:47:41.579618+00:00,TrendForce.tw,https://www.facebook.com/TrendForce.tw/posts/pfbid0pbtJr538iQhNEwkcubtfHAfhBDvuPArESPNDbj1tBboaB9vidnCqBDbVjRRSRUEol?__cft__[0]=AZa01kWFnIr9g_IxUUzR1kJHS_rixFmj45gqM97dNsw0MPgDBYRW9Pni802BOKx-bJINtzKN4Sfmm6pvABSGNmpmNr12hO1Le2Qg8EzOd8p2NXuqE6CrVHvm6H6v8tEMavDmEa7takK2hAlPfvJgsOPeatCay3pda21gIqZ4n7B2A4PXDJafcXuHp3GxE1n6HsU,,2026年2月13日 星期五下午1:39,0,,,,"今年首季PC產業不僅訂單需求疲弱，在供應鏈也遭遇AI排擠效應，同時產能與供給受到擠壓。材料價格更是大幅上揚，除了記憶體持續上漲外，PCB、Logic IC / Diode/ resistor / bead等主、被動元件也都陸續調漲。
反觀AI資料中心需求，一月份備貨動能意外強勁。鴻海、廣達、緯創在NVIDIA與CSP客戶穩健訂單驅動下…… 
查看更多"
2026-08-12T23:47:41.579618+00:00,TrendForce.tw,https://www.facebook.com/TrendForce.tw/posts/pfbid0fT1q2uGfuo6DQmEyGf89g3BrWU5asPhJ82dovYubHKYgJXEgV3aaPh7EgeeDfn4Kl?__cft__[0]=AZYZFQmXNgnv16ePtmB1hIj_vDZeBgfmuI1Xrz9DR_IU9dyqX8FG4oyJKRgX2B0jynMMxTC7e4jKJQ9eoKjtCQJdLoyUlTkPcvUQZlQN9lvRrHQifqxTtTXLh3Ye-21o9elVUdcvlcB0Ym5owNVdtwz59PDrGoU7Wqs9TgS2Al26XEd7xLNDfImYJuZ6qZg-g3Q,,2026年2月13日 星期五下午12:00,0,,,,"Sharp 正式宣布龜山 K2 工廠八月停產，日本大世代液晶面板產能進一步收斂。面對 Oxide 技術紅利流失與 MacBook 訂單不確定性，誰將接手電子紙與 IT 面板的供應缺口？
#TrendForce
 分析背後隱藏買家動向與產能轉移布局：
https://buff.ly/75j3mrW"
2026-08-12T23:47:41.579618+00:00,TrendForce.tw,https://www.facebook.com/TrendForce.tw/posts/pfbid0ahv1kP6PM2hjomyXnZc9f2rjucRasGWj7PhtShXwn4izA7N5GdRYRPFum27oiBbNl?__cft__[0]=AZb5DYb_7j77EJ7p2i4bRyMn9192-vlwCNzOHKFhvSAsz0rLkt_I1Z-AQ1Idp_LrxG8bGUgV1AiRltmsmVFTBebSvqcCyJVflnbeh3OknweCaB9rgA6AF50hnoURO0vNysSBeDTbVWHA0jSXpjJruzBvoeqUi1zAgm510hSe7O8-_zC8L6ZQsAJ6_Srfg8v9e8k,,2026年2月11日 星期三下午6:00,0,,,,"記憶體價格瘋漲導致 BOM 成本占比翻倍，2026 年全球手機生產總量恐面臨雙位數衰退。
#TrendForce
 分析全球前八大智慧手機 2026 年生產情況：
https://buff.ly/7L2IOtH"
2026-08-12T23:47:41.579618+00:00,TrendForce.tw,https://www.facebook.com/TrendForce.tw/posts/pfbid05sFciKaCSLbKe8dgBUzaki55rRZCyWGTkpsBvvQd3sBvdp4aP4vGi8rqMbwH3V4Vl?__cft__[0]=AZbd0GmcTd2yseVlfR8zBBQFeljY_sNvqbEKSaPIU4b1zXJ_jM97c1_6In68vaIjOHigMfgU988YszxfD1kskGel4pCYf0vfhrV_GGL_WJv1jIKskrtudc5OOIsSrgSGWVvozDIEslZOhaHTdem1PcIS2ANm8D_NE8ZJbORhRYUxQ5N9tbiQVnqAhljnp6OuHek,,2026年2月11日 星期三下午6:00,0,,,,"【春節效應升溫，NAND現貨交易轉淡但512Gb TLC續揚】…… 
查看更多"
2026-08-12T23:47:41.579618+00:00,TrendForce.tw,https://www.facebook.com/TrendForce.tw/posts/pfbid021UsM47zD9xJo3JRtRzpHeksBchS1wBBoTGyFWsYLyRdRQDzLSD2ZaHr6aypQgQ7l?__cft__[0]=AZaN9pmi5VXQV7CGb-5vqZkEz7LBK6SlT3xhCFEL86kGY-_yAIH29yux9q1kyb1dPi6ZOgoMNLxuwJCiKka6_kR43U_7E1M_JWV50Hu6Zp0qGrxFoqgMRKoRZHoeAIqJYWfh9gAbxnE073xkbSTE9_qU_dMeHIiciPb0H80K4jOSK8mnp00T7VhDDLWsYN0okH0,,2026年2月11日 星期三下午5:00,0,,,,"【春節前DRAM現貨交易續降溫，價差料逐步收窄】…… 
查看更多"
2026-08-12T23:47:41.579618+00:00,TrendForce.tw,https://www.facebook.com/TrendForce.tw/posts/pfbid029A3P1ACJsN1CDaazRwp2YYgk33c5vRstaYGEbSb8MXXcw8ThcDWgDUPAk3XAa3RFl?__cft__[0]=AZYnFozl1rHakVc5_3_4-LmjJRRlh8Q_VZgPo2baBl-beozPa_L2Bezd5BDMGK41bzssbUTWDoyUt5bT4F7pvdV0vIWLLPrZR3RsnAaHGyoNPEe-ek5Pz4qd9NqcBd9EKiXu21ZOUV2m_rTPi7cshidRWUqQfWgtIU682cEyc3_4nwQS2J_lt0D_76kWEQCo5hA,,2026年2月10日 星期二下午5:23,0,,,,"Google 新世代 Ironwood 機櫃導入全光網路架構，單台交換機功耗驟降 95%，這套以「微型反射鏡」取代光電轉換的技術，如何重塑資料中心成本優勢？
#TrendForce
 剖析光通訊供應鏈的全新角力：
https://buff.ly/zFkDlWJ"
2026-08-12T23:47:41.579618+00:00,TrendForce.tw,https://www.facebook.com/TrendForce.tw/posts/pfbid0kPoRiLqwedQ4AtBKDuHn3pqbdYSoeMGBZWpwTee8dWHqE6gV541H96eNEsEWxXNql?__cft__[0]=AZbchQx0jt-_it6Hn09Wh4WCaE1TfOvqevLn_ahTKnOlOQD548Xk2RVAwIih0QpDzFO0SSM2SryVIZi4IMfvzFBWOKy4VnJHsWAtDCKOpM37llZ9l2ehKUZ7AkCNsR_tpk-LOpYPrOzDLwCiuYayLlUyEGq65zfNzDeEKeMth1bm3M5SSyO79yIzuAWP4Xvt4ko,,2026年2月10日 星期二下午5:23,0,,,,"#AI
 浪潮助攻，2026 年記憶體產值預估將衝破 5,500 億美元，規模達晶圓代工的兩倍。面對雲端大廠不計成本搶貨，這波供需失衡與 2017 年超級循環有何不同？
#TrendForce
 深入剖析記憶體原廠在缺貨潮下的絕對優勢：
https://buff.ly/zY1G6C4"
2026-08-12T23:47:41.579618+00:00,TrendForce.tw,https://www.facebook.com/reel/1577271813463977/?__cft__[0]=AZa840JMmfmE5XO70J6qwZaq3C5Vejeo9wKWwtUPrl7t5cq97YwH_fRh7lL26X6Ic8oZuuteOH9dwshe5tbnaJZiBZaqVeE7bx2AnmQRj7nBC9-e22Il1QGzHxo8CuhDK5gUBpa_Ofl7rAYujiPPBLw5uT1mYTpXimTsLftkANpqbcaIlAN_7mFSRSy4QPC3xnJU6Lg_iKpRRDL3_tb3S7lG,,2026年2月9日 星期一下午5:50,0,,,,"中國記憶體為何追不上？韓專家看至少「落後五年」：雙方差距還在擴大。
 新聞來源：
https://buff.ly/Fd8YXcI"
2026-08-12T23:47:41.579618+00:00,TrendForce.tw,,,,0,,,,"蘋果、三星、Google，面對記憶體漲價、缺貨危機受衝擊程度可望較低。
 新聞來源：
https://buff.ly/8B1Wwsu"
2026-08-12T23:47:41.579618+00:00,TrendForce.tw,https://www.facebook.com/TrendForce.tw/posts/pfbid0ahFz1vvdwN7ScVJSeJ4ZEqUgXYgipZLcERP8mW8htpRv33yNECxk53EwMAwaUbVpl?comment_id=1994243738114774,26週,,0,,,,"AI 軍備競賽持續升溫，美大型雲端供應商 2026 資本支出總額逾 6,500 億美元。
市場對 AI 前景仍持樂觀正面看法，根據全球前 4 大超大型雲端服務商發布 2025 年第四季（2025 年 10-12 月）財報，包括亞馬遜、微軟、Alphabet（Google）與 Meta，今年合計 AI 相關資本支出恐超過 6,500 億…… 
查看更多"
2026-08-12T23:47:41.579618+00:00,TrendForce.tw,https://www.facebook.com/TrendForce.tw/posts/pfbid02XZCrr6XGkkL1xjHHdekTNEVWXNb5Q612nVjwBGjRZyJM8YDhkNVtnuEFrkKkYyS7l?__cft__[0]=AZa8pHafv60AngRPkhY3oBW0hl6EHOmXC45aDtvWqtc1eP9FwKkKaQ2CJaC7Toz4Dlilw8qQPG4E6ureeqmEqZxyOmNReSSsUAxA9ljrDpyhWG3j5OvEPZBWMA_MAVjTUR3QIiMYW_WGCCGR9JAQi2IUiL0MZ2gQyp0RmwuCwCaXLABhxbsfIh9JPnjgXt3r_yM,,2026年2月5日 星期四下午3:59,0,,,,"高階 
#MLCC
 需求受惠於智慧眼鏡與伺服器備貨潮逆勢爆發！在日韓大廠產能滿載之際， AI 訂單磁吸效應是否將擠壓消費性電子資源，引發終端產品缺料隱憂？
#TrendForce
 剖析 
#MLCC
 市場極度分化下供應鏈的關鍵布局：
https://buff.ly/9EDJ6IH"
2026-08-12T23:47:41.579618+00:00,TrendForce.tw,https://www.facebook.com/TrendForce.tw/posts/pfbid02Z6DDqGdbNm8N8ZLYtq6TJxfYXvyepQocoydjDu9rhQGaUfXopzUYYWXodtT2gJsvl?__cft__[0]=AZbou-82KC30Qwpxpy5tq-vK7xpvmDmF4D9TBsze7qlo42JXjupoEiS1yCy7wjNMwCGpg1NCd97iwbpRpObF0Hbs8vv4guScLv0pPo9HG_N3SnnDZnZPp92i_8nL8QawJaQI2k5kWVITlwDkTnCoduHUn3Y0f4CUtO-fxgOImbow_pAvSPRfNxf_0acDDvC6Mwo,,2026年2月5日 星期四下午3:59,0,,,,"【高價抑制買盤，NAND現貨「有價無市」，TLC wafer上漲逾8%】…… 
查看更多"
2026-08-12T23:47:41.579618+00:00,TrendForce.tw,https://www.facebook.com/TrendForce.tw/posts/pfbid0274AQMkGiy9np9d8RUwdQjQfHpXDdqZt8mdGtNDf8zLVnucVsofBxUtji9m8ytZC4l?__cft__[0]=AZaR7QW2eexBY871CE4szxa43XxIyaoNzPMujDarrQQx3iW3bhlYD_x7o_Bx13cgZPpj3Np97eH1GSzx8R7JyybFhGYXZILB5YWjhgIMYH8OKaK3QG76GAIxxQhKwRFfDD_ueckfJgoud-D1N7EOVCBXOvkfUAcSMNAcZRZKpM1zda1FTXaLbpkemP-8_z6cO10,,2026年2月4日 星期三下午5:30,0,,,,"【DRAM 現貨價漲幅停滯，市場靜待二月底合約價格公布】…… 
查看更多"
2026-08-12T23:47:41.579618+00:00,TrendForce.tw,https://www.facebook.com/TrendForce.tw/posts/pfbid0b7HXfkcA24gaRuzh1CABsb2hBNBXtw1yV2XCLPUhsHAcWAqtxGzS45jEsMdUdYpel?__cft__[0]=AZaDMiQtSDn-PUhTdhOXfx6SF-VdNsb3_CHDuKgpzYIaTNEL0jca0DI3OE0Dld_Cq1-YmHfBFiofgfNufngTRG5LkxQmhEdHyH-5MbEEuJipuuG9_rX50ayxWJ77E8lbP_CJN4b8Pql1quYFzsABD7ketNFNFowkmMUpytemKdh2ruMEg7zDJpIlTEYyMyHnjKs,,2026年2月4日 星期三下午4:00,0,,,,"2026 半導體前瞻：AI 核心驅動下技術演進與供應鏈布局
…… 
查看更多"
2026-08-12T23:47:41.579618+00:00,TrendForce.tw,https://www.facebook.com/reel/914106317829010/?__cft__[0]=AZZA1V3wFq8oZQHa8HdcigboQVUVdOaDu2x_RqJbRqFgSg83cLCc0OebNYd3wTWVARD97z3PUN5iDdMGXKFzzaPQQCmr9-2OBNJf7jtJ05yyYho-SgR2AlC4K2NJxYVYXScYeZE6RDUas16lPZFcinKCgm7riwJbkS1T3tMAX2YTggrMyGXm-f6wqHHRVCQkW4BuwbdaacTp76A-ztnBf47I,,2026年2月4日 星期三下午4:00,0,,,,"英特爾坦言CPU吃緊，AI資料中心熱潮推升Server晶片需求，四月後可望緩解。
 新聞來源：
https://buff.ly/mwrkI98"
2026-08-12T23:47:41.579618+00:00,TrendForce.tw,https://www.facebook.com/TrendForce.tw/posts/pfbid0epyYi2D3Ygp7dGevx7YJjykru8NDkguieTXriA1667nDACbzpy7x1GcpejSeLPRcl?__cft__[0]=AZYQ2jMfE_xQzKYNZo6FT7blKqV0u8xuvH73K2_xy6llxaMx0Ru0miAO2DamVXw-4BdpQOXd21gzN6gFmV_7fKRXnYY7AAuBoQ2IyeTyJWy4YSjBip5WFprsORAXW28TNYukLW4K0zD2rkEwBLCDYCHekdJieKq3UvQ9oFMcddMu9e1gGXjRNcih4Ppelwxw8zg,,2026年2月3日 星期二下午6:00,0,,,,"記憶體漲幅破紀錄！第一季合約價全面上修，DRAM 恐飆漲 90-95%、NAND Flash 也漲 55-60%。
#TrendForce
 解析完整價格走勢：
https://buff.ly/XisuxvO"
2026-08-12T23:47:41.579618+00:00,TrendForce.tw,https://www.facebook.com/TrendForce.tw/posts/pfbid02ANNbXgFAjr4KtxUrVTG9aStn2BStkL9L5iuMdWQLmZ89qiCxjyy7qiK21w8jrVMBl?__cft__[0]=AZbbFL0MQywRjmi1u_CN-gZGwc79gUPVwYkWLKs8CeYTfj3f5haB0dwRpOAXnTWkcLHH9l-HKTU9v9hrnqSkJpVVXcbarSf2C0Phed2ImmEnwwfr7NkgHiYi6K6fhTrWug2ycE8KyLYwjetUUKFbzg6p6DmWB1vzoiiTbC5UhBnSu1Dv_UsaOgU4gSIXOOU1x_E,,2026年2月2日 星期一下午12:00,0,,,,"AI Infra 解鎖未來算力－ HVDC、液冷、矽光子 預見 AI 基礎設施的戰略機會
…… 
查看更多"
2026-08-12T23:47:41.579618+00:00,TrendForce.tw,https://www.facebook.com/reel/1440405487707853/?__cft__[0]=AZaHrWeWfzNFJzxT1WtksipR3H0QZjH6ruiSQhwYLpnP5x7fg7JEHUaGnzMH3E2pAcD-EjNhI-r-NodUXlPcEv2sWYillnfmi84GrQgKJjsEnoziXpeQwxu2_EtaoGosy6rMNfRZ9aK2lXmPrv6mItKGBxajGPA_-nCmqssiq68_jskcSl3m_MLAKQ_avJjgs3U6KGK5n84nEKHdafc4E4s3,,2026年2月2日 星期一下午12:00,0,,,,"SK 海力士宣布設美國子公司 AI Company，提供美客戶 AI 記憶體解決方案。
 新聞來源：
https://buff.ly/Nik9UAi"
2026-08-12T23:47:41.579618+00:00,TrendForce.tw,https://www.facebook.com/TrendForce.tw/posts/pfbid02CsQNTatmmtwZTxE6zKn1Li5T2AND1NdtWXJB5PcrvRfoVvfZEXjNw18PCxa2f32Al?__cft__[0]=AZY8brMGLal-9QVcofV-rHzXvECJFLjvHT1nQodFQnF1wdz8gyXyAZBv3fFezIeAegd71HyL6abW0IVCi8vHdbNOwYhZ_F3BWHFNymrT7fuDEGZVB6UxFayyQ3zibSzwZH9PQtmUg-7I6bUytZOV_8Rkyl5nLTLLsATGBM9-8t0ywWFSlRJs_k2QX-mBRgDHaLo,,2026年2月1日 星期日下午3:00,0,,,,"聯準會新主席人選備受矚目，川普今將公布提名人選。Fed 政策將怎麼走？看詳情
 
https://buff.ly/wNWsK4h
#DataTrack"
